STARTDATE,ENDDATE,lastMonth,lastYear,SameMonth,MAXMINRATIO
2006-01-01,2006-02-13,,,Normal,2.4545454545454546
2006-01-08,2006-02-20,,,Normal,2.4545454545454546
2006-01-15,2006-02-27,,,Normal,2.4545454545454546
2006-01-22,2006-03-06,,,Normal,2.4545454545454546
2006-01-29,2006-03-13,,,Normal,1.9545454545454544
2006-02-01,2006-03-16,Normal,,Normal,1.9111111111111112
2006-02-08,2006-03-23,Normal,,Normal,1.9111111111111112
2006-02-15,2006-03-30,Normal,,Normal,1.8444444444444448
2006-02-22,2006-04-06,Normal,,Normal,1.4666666666666666
2006-03-01,2006-04-13,Normal,,Normal,1.4666666666666666
2006-03-08,2006-04-20,Normal,,Normal,1.4740798271935207
2006-03-15,2006-04-27,Normal,,Normal,1.4740798271935207
2006-03-22,2006-05-04,Normal,,Normal,1.4089770108023283
2006-03-29,2006-05-11,Normal,,Normal,1.4047619047619049
2006-04-05,2006-05-18,Normal,,Normal,1.4645390072702582
2006-04-12,2006-05-25,Normal,,Normal,1.4645390072702582
2006-04-19,2006-06-01,Normal,,Normal,1.4645390072702582
2006-04-26,2006-06-08,Normal,,Normal,1.7624113477320056
2006-05-03,2006-06-15,Normal,,Normal,1.7624113477320056
2006-05-10,2006-06-22,Normal,,Normal,1.7624113477320056
2006-05-17,2006-06-29,Normal,,Normal,1.9788359916960625
2006-05-24,2006-07-06,Normal,,Normal,2.4285714285714284
2006-05-31,2006-07-13,Normal,,Normal,2.4285714285714284
2006-06-07,2006-07-20,Normal,,Normal,2.322411151103753
2006-06-14,2006-07-27,Normal,,Normal,2.266666666890535
2006-06-21,2006-08-03,Normal,,Normal,2.266666666890535
2006-06-28,2006-08-10,Normal,,Normal,2.266666666890535
2006-07-05,2006-08-17,Normal,,Normal,2.266666666890535
2006-07-12,2006-08-24,Normal,,Normal,1.911111111299863
2006-07-19,2006-08-31,Normal,,Normal,1.7478060047785628
2006-07-26,2006-09-07,Normal,,Normal,1.7916666666666667
2006-08-02,2006-09-14,Normal,,Normal,1.8666666666666667
2006-08-09,2006-09-21,Normal,,Normal,1.9724924524286511
2006-08-16,2006-09-28,Normal,,Normal,1.9724924524286511
2006-08-23,2006-10-05,Normal,,Normal,1.9724924524286511
2006-08-30,2006-10-12,Normal,,Normal,1.9724924524286511
2006-09-06,2006-10-19,Normal,,Normal,1.9724924524286511
2006-09-13,2006-10-26,Normal,,Normal,2.0899347199646456
2006-09-20,2006-11-02,Normal,,Normal,2.1
2006-09-27,2006-11-09,Normal,,Normal,2.1
2006-10-04,2006-11-16,Normal,,Normal,2.1
2006-10-11,2006-11-23,Normal,,Normal,3.125
2006-10-18,2006-11-30,Normal,,Normal,3.125
2006-10-25,2006-12-07,Normal,,Normal,3.6441471836995754
2006-11-01,2006-12-14,Normal,,Normal,2.9829273576635877
2006-11-08,2006-12-21,Normal,,Normal,2.9829273576635877
2006-11-15,2006-12-28,Normal,,Normal,2.9829273576635877
2006-11-22,2007-01-04,Normal,,Normal,2.9829273576635877
2006-11-29,2007-01-11,Normal,,Normal,2.9153177469596594
2006-12-06,2007-01-18,Normal,,Normal,2.1538461538461537
2006-12-13,2007-01-25,Normal,,Normal,2.9230769230769234
2006-12-20,2007-02-01,Normal,,Normal,2.533333333333333
2006-12-27,2007-02-08,Anomaly,,Normal,1.7801147144178504
2007-01-01,2007-02-13,Normal,Anomaly,Normal,1.7801147144178504
2007-01-08,2007-02-20,Normal,Anomaly,Normal,1.7801147144178504
2007-01-15,2007-02-27,Normal,Anomaly,Normal,1.7801147144178504
2007-01-22,2007-03-06,Normal,Anomaly,Normal,2.6388888888888893
2007-01-29,2007-03-13,Normal,Anomaly,Normal,2.3611111111111107
2007-02-05,2007-03-20,Normal,Anomaly,Normal,2.3611111111111107
2007-02-12,2007-03-27,Normal,Anomaly,Normal,2.3611111111111107
2007-02-19,2007-04-03,Normal,Anomaly,Normal,3.4
2007-02-26,2007-04-10,Normal,Anomaly,Normal,2.997536940571235
2007-03-05,2007-04-17,Normal,Anomaly,Normal,2.9
2007-03-12,2007-04-24,Normal,Anomaly,Normal,2.9
2007-03-19,2007-05-01,Normal,Anomaly,Normal,2.9
2007-03-26,2007-05-08,Normal,Anomaly,Normal,2.9
2007-04-02,2007-05-15,Normal,Anomaly,Normal,1.6111111111111112
2007-04-09,2007-05-22,Normal,Anomaly,Normal,1.3888888888888888
2007-04-16,2007-05-29,Normal,Anomaly,Normal,1.3888888888888888
2007-04-23,2007-06-05,Normal,Anomaly,Normal,1.3888888888888888
2007-04-30,2007-06-12,Normal,Anomaly,Normal,1.8333333333333333
2007-05-07,2007-06-19,Normal,Anomaly,Normal,2.1666666666666665
2007-05-14,2007-06-26,Anomaly,Anomaly,Normal,2.1666666666666665
2007-05-21,2007-07-03,Anomaly,Anomaly,Anomaly,2.0172413794117863
2007-05-28,2007-07-10,Anomaly,Anomaly,Normal,1.8571428571428568
2007-06-04,2007-07-17,Anomaly,Anomaly,Normal,1.56
2007-06-11,2007-07-24,Anomaly,Anomaly,Normal,1.3225806451612905
2007-06-18,2007-07-31,Anomaly,Anomaly,Normal,1.2058823529411764
2007-06-25,2007-08-07,Anomaly,Anomaly,Normal,1.2058823529411764
2007-07-02,2007-08-14,Normal,Anomaly,Normal,1.2058823529411764
2007-07-09,2007-08-21,Normal,Anomaly,Normal,1.8823529411764703
2007-07-16,2007-08-28,Normal,Anomaly,Normal,1.8823529411764703
2007-07-23,2007-09-04,Normal,Anomaly,Normal,2.6666666666666665
2007-07-30,2007-09-11,Normal,Anomaly,Normal,2.6666666666666665
2007-08-06,2007-09-18,Normal,Anomaly,Normal,2.6666666666666665
2007-08-13,2007-09-25,Normal,Anomaly,Normal,2.6666666666666665
2007-08-20,2007-10-02,Normal,Anomaly,Normal,3.555555555555556
2007-08-27,2007-10-09,Normal,Anomaly,Normal,2.8830409356208064
2007-09-03,2007-10-16,Normal,Anomaly,Normal,4.3245614034312085
2007-09-10,2007-10-23,Normal,Anomaly,Normal,4.3245614034312085
2007-09-17,2007-10-30,Normal,Anomaly,Normal,4.3245614034312085
2007-09-24,2007-11-06,Normal,Anomaly,Normal,4.3245614034312085
2007-10-01,2007-11-13,Normal,Normal,Normal,5.189473684117452
2007-10-08,2007-11-20,Normal,Normal,Normal,4.8
2007-10-15,2007-11-27,Normal,Normal,Normal,4.6
2007-10-22,2007-12-04,Normal,Normal,Normal,2.2
2007-10-29,2007-12-11,Normal,Normal,Normal,2.2
2007-11-05,2007-12-18,Normal,Normal,Normal,2.2
2007-11-12,2007-12-25,Normal,Normal,Normal,2.2
2007-11-19,2008-01-01,Normal,Normal,Normal,2.2
2007-11-26,2008-01-08,Normal,Normal,Normal,2.4
2007-12-03,2008-01-15,Normal,Normal,Normal,2.4
2007-12-10,2008-01-22,Normal,Normal,Normal,2.4
2007-12-17,2008-01-29,Normal,Normal,Normal,2.4
2007-12-24,2008-02-05,Normal,Normal,Anomaly,2.4
2007-12-31,2008-02-12,Anomaly,Normal,Anomaly,2.4
2008-01-07,2008-02-19,Normal,Normal,Anomaly,2.4
2008-01-14,2008-02-26,Normal,Normal,Anomaly,2.2878235857694373
2008-01-21,2008-03-04,Normal,Normal,Anomaly,2.2878235857694373
2008-01-28,2008-03-11,Normal,Normal,Anomaly,2.2878235857694373
2008-02-04,2008-03-18,Normal,Normal,Anomaly,2.1334472831939597
2008-02-11,2008-03-25,Anomaly,Normal,Anomaly,1.8
2008-02-18,2008-04-01,Normal,Normal,Normal,1.2
2008-02-25,2008-04-08,Normal,Normal,Normal,1.2
2008-03-03,2008-04-15,Normal,Normal,Normal,1.2
2008-03-10,2008-04-22,Normal,Normal,Normal,1.2
2008-03-17,2008-04-29,Normal,Normal,Normal,1.3333333333333333
2008-03-24,2008-05-06,Normal,Normal,Normal,1.76238390094371
2008-03-31,2008-05-13,Normal,Normal,Normal,2.002059620721194
2008-04-07,2008-05-20,Normal,Normal,Normal,2.002059620721194
2008-04-14,2008-05-27,Normal,Normal,Normal,2.002059620721194
2008-04-21,2008-06-03,Normal,Normal,Normal,2.6113821141523714
2008-04-28,2008-06-10,Normal,Normal,Normal,2.6113821141523714
2008-05-05,2008-06-17,Normal,Normal,Normal,2.6113821141523714
2008-05-12,2008-06-24,Normal,Normal,Normal,2.2629695887075942
2008-05-19,2008-07-01,Normal,Normal,Normal,2.0
2008-05-26,2008-07-08,Normal,Normal,Normal,2.0
2008-06-02,2008-07-15,Normal,Normal,Normal,1.5
2008-06-09,2008-07-22,Normal,Normal,Normal,3.2
2008-06-16,2008-07-29,Normal,Normal,Normal,2.7903402654816443
2008-06-23,2008-08-05,Normal,Normal,Normal,3.0
2008-06-30,2008-08-12,Anomaly,Normal,Anomaly,2.6133333333333333
2008-07-07,2008-08-19,Anomaly,Normal,Anomaly,2.6133333333333333
2008-07-14,2008-08-26,Anomaly,Normal,Anomaly,2.6133333333333333
2008-07-21,2008-09-02,Anomaly,Normal,Anomaly,1.7818181818181815
2008-07-28,2008-09-09,Anomaly,Normal,Anomaly,2.8
2008-08-04,2008-09-16,Normal,Normal,Normal,2.8
2008-08-11,2008-09-23,Normal,Normal,Normal,3.237194415678849
2008-08-18,2008-09-30,Normal,Normal,Normal,3.0
2008-08-25,2008-10-07,Normal,Normal,Normal,3.0
2008-09-01,2008-10-14,Normal,Normal,Normal,2.8225120878231933
2008-09-08,2008-10-21,Normal,Normal,Normal,2.8225120878231933
2008-09-15,2008-10-28,Normal,Normal,Normal,2.8225120878231933
2008-09-22,2008-11-04,Normal,Normal,Normal,3.2
2008-09-29,2008-11-11,Normal,Normal,Normal,3.2
2008-10-06,2008-11-18,Normal,Normal,Normal,3.2
2008-10-13,2008-11-25,Normal,Normal,Normal,3.2
2008-10-20,2008-12-02,Normal,Normal,Normal,2.6666666666666665
2008-10-27,2008-12-09,Normal,Normal,Normal,2.125005452093472
2008-11-03,2008-12-16,Normal,Anomaly,Normal,2.0
2008-11-10,2008-12-23,Normal,Anomaly,Normal,2.0
2008-11-17,2008-12-30,Normal,Anomaly,Normal,1.608265254633172
2008-11-24,2009-01-06,Normal,Anomaly,Normal,1.799507595450495
2008-12-01,2009-01-13,Normal,Anomaly,Normal,1.5295713513943132
2008-12-08,2009-01-20,Normal,Anomaly,Normal,1.5724854676711753
2008-12-15,2009-01-27,Normal,Anomaly,Normal,1.5547590657639676
2008-12-22,2009-02-03,Normal,Anomaly,Normal,1.5511592154743334
2008-12-29,2009-02-10,Normal,Anomaly,Normal,1.5511592154743334
2009-01-05,2009-02-17,Normal,Anomaly,Normal,1.5511592154743334
2009-01-12,2009-02-24,Normal,Anomaly,Normal,1.5766194371342634
2009-01-19,2009-03-03,Normal,Anomaly,Normal,1.5766194371342634
2009-01-26,2009-03-10,Normal,Anomaly,Normal,1.7510815729210019
2009-02-02,2009-03-17,Normal,Anomaly,Normal,1.7800455583800017
2009-02-09,2009-03-24,Normal,Anomaly,Normal,1.7800455583800017
2009-02-16,2009-03-31,Normal,Anomaly,Normal,2.264397133952319
2009-02-23,2009-04-07,Normal,Anomaly,Normal,2.551381908666303
2009-03-02,2009-04-14,Normal,Anomaly,Normal,2.626700675384689
2009-03-09,2009-04-21,Normal,Anomaly,Normal,2.333333333333333
2009-03-16,2009-04-28,Normal,Anomaly,Normal,2.333333333333333
2009-03-23,2009-05-05,Normal,Anomaly,Normal,1.6051151492751514
2009-03-30,2009-05-12,Normal,Anomaly,Normal,1.7132631464473576
2009-04-06,2009-05-19,Normal,Anomaly,Normal,2.048181393124933
2009-04-13,2009-05-26,Normal,Anomaly,Normal,2.048181393124933
2009-04-20,2009-06-02,Normal,Anomaly,Normal,2.048181393124933
2009-04-27,2009-06-09,Normal,Anomaly,Normal,2.048181393124933
2009-05-04,2009-06-16,Normal,Anomaly,Normal,2.048181393124933
2009-05-11,2009-06-23,Normal,Anomaly,Normal,1.959130028206458
2009-05-18,2009-06-30,Normal,Anomaly,Normal,1.7573964498427923
2009-05-25,2009-07-07,Normal,Anomaly,Normal,1.5714285714285714
2009-06-01,2009-07-14,Normal,Anomaly,Normal,1.375
2009-06-08,2009-07-21,Normal,Anomaly,Normal,1.375
2009-06-15,2009-07-28,Normal,Anomaly,Normal,1.1
2009-06-22,2009-08-04,Normal,Anomaly,Normal,1.3
2009-06-29,2009-08-11,Normal,Normal,Normal,1.382000003840001
2009-07-06,2009-08-18,Normal,Normal,Normal,1.2727272727272727
2009-07-13,2009-08-25,Normal,Normal,Normal,1.7403709381373058
2009-07-20,2009-09-01,Normal,Normal,Normal,1.799736453820585
2009-07-27,2009-09-08,Normal,Normal,Normal,1.799736453820585
2009-08-03,2009-09-15,Normal,Normal,Normal,1.799736453820585
2009-08-10,2009-09-22,Normal,Normal,Normal,2.172095720128292
2009-08-17,2009-09-29,Normal,Anomaly,Normal,2.6065148641539504
2009-08-24,2009-10-06,Normal,Anomaly,Normal,2.8547543750257547
2009-08-31,2009-10-13,Anomaly,Anomaly,Normal,3.2835051547205536
2009-09-07,2009-10-20,Anomaly,Anomaly,Normal,2.8
2009-09-14,2009-10-27,Anomaly,Anomaly,Normal,2.074074074074074
2009-09-21,2009-11-03,Anomaly,Anomaly,Normal,1.75
2009-09-28,2009-11-10,Anomaly,Anomaly,Normal,1.75
2009-10-05,2009-11-17,Anomaly,Anomaly,Normal,2.3125
2009-10-12,2009-11-24,Normal,Anomaly,Normal,2.3125
2009-10-19,2009-12-01,Normal,Anomaly,Normal,2.1111111111111107
2009-10-26,2009-12-08,Normal,Anomaly,Normal,2.1111111111111107
2009-11-02,2009-12-15,Normal,Anomaly,Normal,1.809523809523809
2009-11-09,2009-12-22,Normal,Anomaly,Normal,1.7272727272727273
2009-11-16,2009-12-29,Normal,Anomaly,Normal,1.72043010756573
2009-11-23,2010-01-05,Normal,Anomaly,Normal,1.7272727272727273
2009-11-30,2010-01-12,Normal,Anomaly,Normal,1.809523809523809
2009-12-07,2010-01-19,Normal,Anomaly,Normal,2.3617312073745342
2009-12-14,2010-01-26,Normal,Normal,Normal,2.3617312073745342
2009-12-21,2010-02-02,Normal,Normal,Normal,2.3617312073745342
2009-12-28,2010-02-09,Normal,Normal,Normal,2.3617312073745342
2010-01-04,2010-02-16,Normal,Normal,Normal,1.9927107062222629
2010-01-11,2010-02-23,Normal,Normal,Normal,1.9927107062222629
2010-01-18,2010-03-02,Normal,Normal,Normal,2.0
2010-01-25,2010-03-09,Normal,Normal,Normal,1.7777777777777777
2010-02-01,2010-03-16,Normal,Normal,Normal,2.1562500001010743
2010-02-08,2010-03-23,Normal,Normal,Normal,2.421052631578948
2010-02-15,2010-03-30,Normal,Normal,Normal,2.1052631578947367
2010-02-22,2010-04-06,Normal,Normal,Normal,1.7894736842105263
2010-03-01,2010-04-13,Normal,Normal,Normal,2.0
2010-03-08,2010-04-20,Normal,Normal,Normal,2.0
2010-03-15,2010-04-27,Normal,Normal,Normal,1.7058823529411764
2010-03-22,2010-05-04,Normal,Normal,Normal,1.7058823529411764
2010-03-29,2010-05-11,Normal,Normal,Normal,1.7058823529411764
2010-04-05,2010-05-18,Normal,Normal,Normal,1.5294117647058822
2010-04-12,2010-05-25,Normal,Normal,Normal,1.8823529411764703
2010-04-19,2010-06-01,Normal,Normal,Normal,1.7777777777777777
2010-04-26,2010-06-08,Normal,Normal,Normal,1.7777777777777777
2010-05-03,2010-06-15,Normal,Normal,Normal,1.7777777777777777
2010-05-10,2010-06-22,Normal,Normal,Normal,1.6
2010-05-17,2010-06-29,Normal,Normal,Normal,1.5238095238095235
2010-05-24,2010-07-06,Normal,Normal,Normal,1.5238095238095235
2010-05-31,2010-07-13,Anomaly,Normal,Normal,1.5238095238095235
2010-06-07,2010-07-20,Anomaly,Normal,Normal,1.5238095238095235
2010-06-14,2010-07-27,Anomaly,Normal,Normal,1.5238095238095235
2010-06-21,2010-08-03,Anomaly,Normal,Normal,1.7142857142857142
2010-06-28,2010-08-10,Normal,Normal,Normal,1.5
2010-07-05,2010-08-17,Normal,Normal,Normal,1.5
2010-07-12,2010-08-24,Normal,Normal,Normal,1.5
2010-07-19,2010-08-31,Normal,Normal,Normal,1.7100000000684
2010-07-26,2010-09-07,Normal,Normal,Normal,1.7100000000684
2010-08-02,2010-09-14,Normal,Normal,Normal,1.7100000000684
2010-08-09,2010-09-21,Normal,Normal,Normal,1.7100000000684
2010-08-16,2010-09-28,Normal,Normal,Normal,1.7100000000684
2010-08-23,2010-10-05,Normal,Normal,Normal,1.7105242741364013
2010-08-30,2010-10-12,Normal,Normal,Normal,1.6244631352295558
2010-09-06,2010-10-19,Normal,Normal,Normal,1.6244631352295558
2010-09-13,2010-10-26,Normal,Normal,Normal,1.5838187722851669
2010-09-20,2010-11-02,Normal,Normal,Normal,1.5838187722851669
2010-09-27,2010-11-09,Normal,Normal,Normal,2.0
2010-10-04,2010-11-16,Normal,Normal,Normal,2.548761903105905
2010-10-11,2010-11-23,Normal,Normal,Normal,2.548761903105905
2010-10-18,2010-11-30,Normal,Normal,Normal,2.548761903105905
2010-10-25,2010-12-07,Normal,Normal,Normal,2.548761903105905
2010-11-01,2010-12-14,Normal,Normal,Normal,2.5
2010-11-08,2010-12-21,Normal,Normal,Normal,2.5
2010-11-15,2010-12-28,Normal,Normal,Normal,2.5
2010-11-22,2011-01-04,Normal,Normal,Normal,2.5
2010-11-29,2011-01-11,Normal,Normal,Normal,2.5
2010-12-06,2011-01-18,Normal,Normal,Normal,2.5
2010-12-13,2011-01-25,Normal,Normal,Normal,2.2222222222222223
2010-12-20,2011-02-01,Normal,Normal,Normal,2.5
2010-12-27,2011-02-08,Normal,Anomaly,Normal,2.4659090908842973
2011-01-03,2011-02-15,Normal,Normal,Normal,2.818181818153483
2011-01-10,2011-02-22,Normal,Normal,Normal,2.2857142857142856
2011-01-17,2011-03-01,Normal,Normal,Normal,2.142857142857143
2011-01-24,2011-03-08,Normal,Normal,Normal,3.25
2011-01-31,2011-03-15,Normal,Normal,Normal,2.75
2011-02-07,2011-03-22,Normal,Normal,Normal,2.4375
2011-02-14,2011-03-29,Normal,Normal,Normal,2.4375
2011-02-21,2011-04-05,Normal,Normal,Normal,2.4375
2011-02-28,2011-04-12,Normal,Normal,Normal,2.4
2011-03-07,2011-04-19,Normal,Normal,Normal,1.6
2011-03-14,2011-04-26,Normal,Normal,Normal,1.431578947368421
2011-03-21,2011-05-03,Normal,Normal,Normal,1.431578947368421
2011-03-28,2011-05-10,Normal,Normal,Normal,1.5111111111111108
2011-04-04,2011-05-17,Normal,Normal,Normal,1.5111111111111108
2011-04-11,2011-05-24,Normal,Normal,Normal,2.4285714285714284
2011-04-18,2011-05-31,Normal,Normal,Normal,2.4285714285714284
2011-04-25,2011-06-07,Normal,Normal,Normal,2.4285714285714284
2011-05-02,2011-06-14,Normal,Normal,Normal,2.392857142857143
2011-05-09,2011-06-21,Normal,Normal,Normal,3.125
2011-05-16,2011-06-28,Normal,Normal,Normal,3.321428571428572
2011-05-23,2011-07-05,Normal,Normal,Normal,2.4473684210526314
2011-05-30,2011-07-12,Anomaly,Normal,Normal,1.86
2011-06-06,2011-07-19,Anomaly,Normal,Normal,1.86
2011-06-13,2011-07-26,Anomaly,Normal,Normal,1.86
2011-06-20,2011-08-02,Normal,Normal,Normal,1.55
2011-06-27,2011-08-09,Normal,Normal,Normal,1.5
2011-07-04,2011-08-16,Normal,Normal,Normal,1.3333333333333333
2011-07-11,2011-08-23,Normal,Normal,Normal,1.4333333333333331
2011-07-18,2011-08-30,Normal,Normal,Normal,1.9215686274267592
2011-07-25,2011-09-06,Normal,Normal,Normal,2.0
2011-08-01,2011-09-13,Normal,Normal,Normal,1.8
2011-08-08,2011-09-20,Normal,Normal,Normal,1.7027027027027026
2011-08-15,2011-09-27,Normal,Normal,Normal,1.6153846153846154
2011-08-22,2011-10-04,Normal,Normal,Normal,1.6153846153846154
2011-08-29,2011-10-11,Normal,Normal,Normal,1.575
2011-09-05,2011-10-18,Normal,Normal,Normal,3.15
2011-09-12,2011-10-25,Normal,Normal,Normal,2.95
2011-09-19,2011-11-01,Normal,Normal,Normal,2.95
2011-09-26,2011-11-08,Normal,Normal,Normal,3.05
2011-10-03,2011-11-15,Normal,Normal,Normal,3.05
2011-10-10,2011-11-22,Normal,Normal,Normal,3.05
2011-10-17,2011-11-29,Normal,Normal,Normal,1.4651162790697674
2011-10-24,2011-12-06,Normal,Normal,Anomaly,1.4651162790697674
2011-10-31,2011-12-13,Normal,Normal,Anomaly,1.8
2011-11-07,2011-12-20,Normal,Normal,Anomaly,2.032258064516129
2011-11-14,2011-12-27,Normal,Normal,Anomaly,2.9302325581395348
2011-11-21,2012-01-03,Normal,Normal,Anomaly,5.478260869565218
2011-11-28,2012-01-10,Normal,Normal,Anomaly,4.608695652173913
2011-12-05,2012-01-17,Normal,Normal,Normal,4.608695652173913
2011-12-12,2012-01-24,Normal,Normal,Normal,3.4782608695652173
2011-12-19,2012-01-31,Normal,Normal,Normal,4.0
2011-12-26,2012-02-07,Normal,Normal,Normal,2.25
2012-01-02,2012-02-14,Normal,Normal,Normal,1.5370370369135804
2012-01-09,2012-02-21,Normal,Normal,Normal,1.5370370369135804
2012-01-16,2012-02-28,Normal,Normal,Normal,1.5370370369135804
2012-01-23,2012-03-06,Normal,Normal,Normal,1.6
2012-01-30,2012-03-13,Normal,Normal,Normal,1.6
2012-02-06,2012-03-20,Normal,Normal,Normal,1.28
2012-02-13,2012-03-27,Normal,Normal,Normal,1.28
2012-02-20,2012-04-03,Normal,Normal,Normal,2.0
2012-02-27,2012-04-10,Normal,Normal,Normal,1.818181818181818
2012-03-05,2012-04-17,Normal,Normal,Normal,1.7857142857142858
2012-03-12,2012-04-24,Normal,Normal,Normal,1.7857142857142858
2012-03-19,2012-05-01,Normal,Normal,Normal,1.7857142857142858
2012-03-26,2012-05-08,Normal,Normal,Normal,1.7241379310344829
2012-04-02,2012-05-15,Normal,Normal,Normal,2.083333333333333
2012-04-09,2012-05-22,Normal,Normal,Normal,1.6282327585443916
2012-04-16,2012-05-29,Normal,Normal,Normal,1.6282327585443916
2012-04-23,2012-06-05,Normal,Normal,Normal,1.6282327585443916
2012-04-30,2012-06-12,Normal,Normal,Normal,1.6666666666666667
2012-05-07,2012-06-19,Normal,Normal,Normal,1.6666666666666667
2012-05-14,2012-06-26,Normal,Normal,Normal,1.6666666666666667
2012-05-21,2012-07-03,Normal,Normal,Normal,1.6666666666666667
2012-05-28,2012-07-10,Normal,Normal,Normal,1.4705882352941178
2012-06-04,2012-07-17,Normal,Normal,Normal,1.6596638654741898
2012-06-11,2012-07-24,Normal,Normal,Normal,1.6748366012357023
2012-06-18,2012-07-31,Normal,Normal,Normal,1.6748366012357023
2012-06-25,2012-08-07,Normal,Normal,Normal,1.6748366012357023
2012-07-02,2012-08-14,Normal,Normal,Normal,2.0
2012-07-09,2012-08-21,Normal,Normal,Normal,2.0
2012-07-16,2012-08-28,Normal,Normal,Normal,1.75
2012-07-23,2012-09-04,Normal,Normal,Normal,1.75
2012-07-30,2012-09-11,Normal,Normal,Normal,2.0
2012-08-06,2012-09-18,Normal,Normal,Normal,2.0
2012-08-13,2012-09-25,Normal,Normal,Normal,2.0
2012-08-20,2012-10-02,Normal,Normal,Normal,1.7206349276895965
2012-08-27,2012-10-09,Normal,Normal,Normal,1.7206349276895965
2012-09-03,2012-10-16,Normal,Normal,Normal,1.7206349276895965
2012-09-10,2012-10-23,Normal,Normal,Normal,2.0476190432098766
2012-09-17,2012-10-30,Normal,Normal,Normal,2.1574728849701943
2012-09-24,2012-11-06,Normal,Normal,Normal,2.1574728849701943
2012-10-01,2012-11-13,Normal,Normal,Normal,1.8122772233749636
2012-10-08,2012-11-20,Anomaly,Normal,Normal,2.2
2012-10-15,2012-11-27,Anomaly,Normal,Normal,2.2
2012-10-22,2012-12-04,Anomaly,Normal,Normal,1.8333333333333333
2012-10-29,2012-12-11,Normal,Normal,Normal,1.8333333333333333
2012-11-05,2012-12-18,Normal,Anomaly,Normal,1.8333333333333333
2012-11-12,2012-12-25,Normal,Anomaly,Normal,1.8333333333333333
2012-11-19,2013-01-01,Normal,Anomaly,Normal,1.5714285714285714
2012-11-26,2013-01-08,Normal,Anomaly,Normal,1.5714285714285714
2012-12-03,2013-01-15,Normal,Anomaly,Normal,1.375
2012-12-10,2013-01-22,Normal,Anomaly,Normal,1.2941176470588236
2012-12-17,2013-01-29,Normal,Anomaly,Normal,1.2941176470588236
2012-12-24,2013-02-05,Normal,Anomaly,Normal,1.7058823529411764
2012-12-31,2013-02-12,Normal,Anomaly,Normal,1.6111111111111112
2013-01-07,2013-02-19,Normal,Anomaly,Normal,1.6111111111111112
2013-01-14,2013-02-26,Normal,Anomaly,Normal,1.6111111111111112
2013-01-21,2013-03-05,Normal,Anomaly,Normal,2.071428571428572
2013-01-28,2013-03-12,Normal,Anomaly,Normal,2.121951219589828
2013-02-04,2013-03-19,Normal,Anomaly,Normal,2.048780487879833
2013-02-11,2013-03-26,Normal,Anomaly,Normal,1.9317073171438428
2013-02-18,2013-04-02,Normal,Anomaly,Normal,1.609756097619869
2013-02-25,2013-04-09,Normal,Anomaly,Normal,1.4634146341998808
2013-03-04,2013-04-16,Normal,Anomaly,Normal,1.3170731707798928
2013-03-11,2013-04-23,Normal,Anomaly,Normal,1.2857142857142858
2013-03-18,2013-04-30,Normal,Anomaly,Normal,1.3846153846153846
2013-03-25,2013-05-07,Normal,Anomaly,Normal,1.3076923076923077
2013-04-01,2013-05-14,Normal,Anomaly,Normal,1.4166666666666667
2013-04-08,2013-05-21,Normal,Anomaly,Normal,1.7
2013-04-15,2013-05-28,Normal,Anomaly,Normal,1.7
2013-04-22,2013-06-04,Normal,Anomaly,Normal,2.2
2013-04-29,2013-06-11,Normal,Anomaly,Normal,2.2
2013-05-06,2013-06-18,Normal,Anomaly,Normal,2.2
2013-05-13,2013-06-25,Normal,Anomaly,Normal,2.2
2013-05-20,2013-07-02,Anomaly,Anomaly,Normal,2.0
2013-05-27,2013-07-09,Anomaly,Anomaly,Normal,2.2857142857142856
2013-06-03,2013-07-16,Anomaly,Anomaly,Normal,2.7142857142857144
2013-06-10,2013-07-23,Anomaly,Anomaly,Normal,2.7142857142857144
2013-06-17,2013-07-30,Anomaly,Anomaly,Normal,2.1111111111111107
2013-06-24,2013-08-06,Anomaly,Anomaly,Normal,1.900890471949867
2013-07-01,2013-08-13,Anomaly,Anomaly,Normal,1.462223439961436
2013-07-08,2013-08-20,Anomaly,Anomaly,Normal,1.5840753932915557
2013-07-15,2013-08-27,Normal,Anomaly,Normal,1.625
2013-07-22,2013-09-03,Normal,Anomaly,Normal,1.75
2013-07-29,2013-09-10,Normal,Anomaly,Normal,1.75
2013-08-05,2013-09-17,Normal,Anomaly,Normal,1.75
2013-08-12,2013-09-24,Normal,Anomaly,Normal,3.125
2013-08-19,2013-10-01,Normal,Anomaly,Normal,3.333333333333333
2013-08-26,2013-10-08,Normal,Anomaly,Normal,3.333333333333333
2013-09-02,2013-10-15,Normal,Anomaly,Normal,3.333333333333333
2013-09-09,2013-10-22,Normal,Anomaly,Normal,3.333333333333333
2013-09-16,2013-10-29,Normal,Anomaly,Normal,4.548250823015903
2013-09-23,2013-11-05,Normal,Anomaly,Normal,4.7954801091274835
2013-09-30,2013-11-12,Normal,Anomaly,Normal,3.662677364240739
2013-10-07,2013-11-19,Normal,Anomaly,Normal,3.6038774679595966
2013-10-14,2013-11-26,Normal,Anomaly,Normal,2.0647153788858037
2013-10-21,2013-12-03,Normal,Anomaly,Normal,2.835160219410793
2013-10-28,2013-12-10,Normal,Anomaly,Anomaly,4.3364836248716685
2013-11-04,2013-12-17,Normal,Anomaly,Anomaly,6.384502951469357
2013-11-11,2013-12-24,Normal,Anomaly,Normal,6.6056556908219335
2013-11-18,2013-12-31,Normal,Normal,Normal,5.336214893777763
2013-11-25,2014-01-07,Normal,Normal,Normal,3.9849830937177484
2013-12-02,2014-01-14,Normal,Normal,Normal,2.770327197528956
2013-12-09,2014-01-21,Normal,Normal,Normal,1.8196279009032368
2013-12-16,2014-01-28,Normal,Normal,Normal,2.07142857139796
2013-12-23,2014-02-04,Normal,Normal,Normal,2.07142857139796
2013-12-30,2014-02-11,Normal,Normal,Normal,2.07142857139796
2014-01-06,2014-02-18,Normal,Normal,Normal,2.6666666666666665
2014-01-13,2014-02-25,Normal,Normal,Normal,2.0
2014-01-20,2014-03-04,Normal,Normal,Normal,2.0
2014-01-27,2014-03-11,Normal,Normal,Normal,2.0
2014-02-03,2014-03-18,Normal,Normal,Normal,2.0
2014-02-10,2014-03-25,Normal,Normal,Normal,2.0
2014-02-17,2014-04-01,Normal,Normal,Normal,1.6140350877285317
2014-02-24,2014-04-08,Normal,Normal,Normal,1.936842105274238
2014-03-03,2014-04-15,Normal,Normal,Normal,1.936842105274238
2014-03-10,2014-04-22,Normal,Normal,Normal,2.4583333332523147
2014-03-17,2014-04-29,Normal,Normal,Normal,3.687499999878472
2014-03-24,2014-05-06,Normal,Normal,Normal,3.687499999878472
2014-03-31,2014-05-13,Normal,Normal,Normal,4.0
2014-04-07,2014-05-20,Normal,Normal,Normal,4.75
2014-04-14,2014-05-27,Normal,Normal,Normal,4.75
2014-04-21,2014-06-03,Normal,Normal,Normal,5.5
2014-04-28,2014-06-10,Normal,Normal,Normal,6.0
2014-05-05,2014-06-17,Normal,Normal,Normal,2.1666666666666665
2014-05-12,2014-06-24,Normal,Normal,Normal,2.0
2014-05-19,2014-07-01,Normal,Normal,Normal,2.0
2014-05-26,2014-07-08,Normal,Normal,Normal,2.6153846153846154
2014-06-02,2014-07-15,Normal,Normal,Normal,2.6153846153846154
2014-06-09,2014-07-22,Anomaly,Normal,Normal,2.769230769230769
2014-06-16,2014-07-29,Anomaly,Normal,Normal,2.769230769230769
2014-06-23,2014-08-05,Anomaly,Normal,Normal,2.571428571428572
2014-06-30,2014-08-12,Normal,Normal,Normal,2.25
2014-07-07,2014-08-19,Normal,Normal,Normal,2.25
2014-07-14,2014-08-26,Normal,Normal,Normal,2.25
2014-07-21,2014-09-02,Normal,Normal,Normal,2.125
2014-07-28,2014-09-09,Normal,Normal,Normal,2.142857142857143
2014-08-04,2014-09-16,Normal,Normal,Normal,2.0435139572747865
2014-08-11,2014-09-23,Normal,Normal,Normal,2.0435139572747865
2014-08-18,2014-09-30,Normal,Normal,Normal,2.0435139572747865
2014-08-25,2014-10-07,Normal,Normal,Normal,2.142857142857143
2014-09-01,2014-10-14,Normal,Normal,Normal,2.157509157499013
2014-09-08,2014-10-21,Normal,Normal,Normal,2.157509157499013
2014-09-15,2014-10-28,Normal,Normal,Normal,2.3234714003835526
2014-09-22,2014-11-04,Normal,Normal,Normal,2.3234714003835526
2014-09-29,2014-11-11,Normal,Normal,Normal,2.3234714003835526
2014-10-06,2014-11-18,Normal,Normal,Normal,2.3234714003835526
2014-10-13,2014-11-25,Normal,Normal,Normal,2.1538461538461537
2014-10-20,2014-12-02,Normal,Normal,Normal,1.9230769230769231
2014-10-27,2014-12-09,Normal,Normal,Normal,1.7857142857142858
2014-11-03,2014-12-16,Normal,Normal,Normal,1.75
2014-11-10,2014-12-23,Normal,Normal,Normal,1.875
2014-11-17,2014-12-30,Normal,Normal,Normal,1.875
2014-11-24,2015-01-06,Normal,Anomaly,Normal,3.0
2014-12-01,2015-01-13,Normal,Anomaly,Normal,3.0
2014-12-08,2015-01-20,Normal,Anomaly,Normal,3.0
2014-12-15,2015-01-27,Normal,Normal,Normal,3.0
2014-12-22,2015-02-03,Normal,Normal,Normal,3.0
2014-12-29,2015-02-10,Normal,Normal,Normal,2.5
2015-01-05,2015-02-17,Normal,Normal,Normal,2.5
2015-01-12,2015-02-24,Normal,Normal,Normal,2.0
2015-01-19,2015-03-03,Normal,Anomaly,Normal,1.4285714285714286
2015-01-26,2015-03-10,Normal,Anomaly,Normal,1.7333333333333334
2015-02-02,2015-03-17,Normal,Anomaly,Normal,1.7333333333333334
2015-02-09,2015-03-24,Normal,Anomaly,Normal,1.625
2015-02-16,2015-03-31,Normal,Anomaly,Normal,1.8571428571428568
2015-02-23,2015-04-07,Normal,Anomaly,Normal,1.8571428571428568
2015-03-02,2015-04-14,Normal,Anomaly,Normal,1.8571428571428568
2015-03-09,2015-04-21,Normal,Anomaly,Normal,1.8571428571428568
2015-03-16,2015-04-28,Normal,Normal,Normal,1.2857142857142858
2015-03-23,2015-05-05,Normal,Normal,Normal,1.2857142857142858
2015-03-30,2015-05-12,Normal,Normal,Normal,1.2857142857142858
2015-04-06,2015-05-19,Normal,Normal,Normal,1.8
2015-04-13,2015-05-26,Normal,Normal,Normal,1.8
2015-04-20,2015-06-02,Normal,Normal,Normal,1.8
2015-04-27,2015-06-09,Normal,Normal,Normal,2.8
2015-05-04,2015-06-16,Normal,Normal,Normal,2.8
2015-05-11,2015-06-23,Normal,Normal,Normal,2.8
2015-05-18,2015-06-30,Normal,Normal,Normal,2.8
2015-05-25,2015-07-07,Normal,Normal,Normal,2.8
2015-06-01,2015-07-14,Normal,Normal,Normal,1.75
2015-06-08,2015-07-21,Normal,Normal,Normal,1.4
2015-06-15,2015-07-28,Normal,Normal,Normal,1.8
2015-06-22,2015-08-04,Normal,Normal,Normal,2.2
2015-06-29,2015-08-11,Normal,Normal,Normal,2.2
2015-07-06,2015-08-18,Anomaly,Normal,Normal,2.2
2015-07-13,2015-08-25,Anomaly,Normal,Normal,1.9532908705297936
2015-07-20,2015-09-01,Anomaly,Anomaly,Normal,1.8168761184338027
2015-07-27,2015-09-08,Normal,Anomaly,Normal,1.6428571428571428
2015-08-03,2015-09-15,Normal,Anomaly,Normal,1.6428571428571428
2015-08-10,2015-09-22,Normal,Normal,Normal,1.6428571428571428
2015-08-17,2015-09-29,Normal,Normal,Normal,1.6428571428571428
2015-08-24,2015-10-06,Normal,Normal,Normal,1.5714285714285714
2015-08-31,2015-10-13,Normal,Normal,Normal,1.875
2015-09-07,2015-10-20,Normal,Normal,Normal,3.333333333333333
2015-09-14,2015-10-27,Normal,Normal,Normal,3.333333333333333
2015-09-21,2015-11-03,Normal,Normal,Normal,4.285714285714286
2015-09-28,2015-11-10,Normal,Normal,Normal,4.0
2015-10-05,2015-11-17,Normal,Normal,Normal,4.0
2015-10-12,2015-11-24,Normal,Normal,Normal,2.3857142924107126
2015-10-19,2015-12-01,Normal,Normal,Normal,1.2857142857142858
2015-10-26,2015-12-08,Normal,Normal,Normal,1.2857142857142858
2015-11-02,2015-12-15,Normal,Normal,Normal,1.2857142857142858
2015-11-09,2015-12-22,Normal,Normal,Normal,1.2857142857142858
2015-11-16,2015-12-29,Normal,Normal,Normal,1.2857142857142858
2015-11-23,2016-01-05,Normal,Normal,Normal,1.1428571428571428
2015-11-30,2016-01-12,Normal,Normal,Normal,1.6
2015-12-07,2016-01-19,Normal,Normal,Normal,2.0
2015-12-14,2016-01-26,Normal,Normal,Normal,2.0
2015-12-21,2016-02-02,Normal,Normal,Normal,2.0
2015-12-28,2016-02-09,Normal,Normal,Normal,2.0
2016-01-04,2016-02-16,Normal,Normal,Normal,2.0
2016-01-11,2016-02-23,Normal,Normal,Normal,2.0
2016-01-18,2016-03-01,Normal,Normal,Normal,2.0
2016-01-25,2016-03-08,Normal,Normal,Normal,1.3968253968979591
2016-02-01,2016-03-15,Normal,Normal,Normal,1.6
2016-02-08,2016-03-22,Normal,Normal,Normal,2.0
2016-02-15,2016-03-29,Normal,Normal,Normal,2.0
2016-02-22,2016-04-05,Normal,Normal,Normal,1.75
2016-02-29,2016-04-12,Normal,Normal,Normal,1.75
2016-03-07,2016-04-19,Normal,Normal,Normal,1.75
2016-03-14,2016-04-26,Normal,Normal,Normal,1.25
2016-03-21,2016-05-03,Normal,Normal,Normal,1.2
2016-03-28,2016-05-10,Normal,Normal,Normal,1.2
2016-04-04,2016-05-17,Normal,Normal,Normal,1.2
2016-04-11,2016-05-24,Normal,Normal,Normal,1.2
2016-04-18,2016-05-31,Normal,Normal,Normal,1.5
2016-04-25,2016-06-07,Normal,Normal,Normal,1.5
2016-05-02,2016-06-14,Normal,Normal,Normal,1.5
2016-05-09,2016-06-21,Normal,Normal,Normal,1.25
2016-05-16,2016-06-28,Normal,Normal,Normal,1.25
2016-05-23,2016-07-05,Normal,Normal,Normal,1.75
2016-05-30,2016-07-12,Normal,Normal,Normal,1.75
2016-06-06,2016-07-19,Normal,Normal,Normal,1.75
2016-06-13,2016-07-26,Normal,Normal,Normal,1.4
2016-06-20,2016-08-02,Normal,Normal,Normal,1.4
2016-06-27,2016-08-09,Normal,Normal,Normal,1.4
2016-07-04,2016-08-16,Normal,Normal,Normal,1.1666666666666667
2016-07-11,2016-08-23,Normal,Normal,Normal,1.4
2016-07-18,2016-08-30,Normal,Normal,Normal,1.4666666665666666
2016-07-25,2016-09-06,Normal,Normal,Normal,1.4666666665666666
2016-08-01,2016-09-13,Normal,Normal,Normal,1.4666666665666666
2016-08-08,2016-09-20,Normal,Normal,Normal,1.4666666665666666
2016-08-15,2016-09-27,Normal,Normal,Normal,1.8333333332083328
2016-08-22,2016-10-04,Normal,Normal,Normal,1.8333333332083328
2016-08-29,2016-10-11,Normal,Normal,Normal,1.75
2016-09-05,2016-10-18,Normal,Normal,Normal,1.75
2016-09-12,2016-10-25,Normal,Normal,Normal,1.75
2016-09-19,2016-11-01,Normal,Normal,Normal,1.5
2016-09-26,2016-11-08,Normal,Normal,Normal,1.625
2016-10-03,2016-11-15,Normal,Normal,Normal,1.5927204475587964
2016-10-10,2016-11-22,Normal,Normal,Normal,1.5565985901805257
2016-10-17,2016-11-29,Normal,Normal,Normal,1.4
2016-10-24,2016-12-06,Normal,Normal,Normal,1.5555555555555556
2016-10-31,2016-12-13,Normal,Normal,Normal,1.5555555555555556
2016-11-07,2016-12-20,Normal,Normal,Normal,1.7777777777777777
2016-11-14,2016-12-27,Normal,Normal,Normal,2.0
2016-11-21,2017-01-03,Normal,Normal,Normal,2.0
2016-11-28,2017-01-10,Normal,Normal,Normal,2.0
2016-12-05,2017-01-17,Normal,Normal,Normal,2.0
2016-12-12,2017-01-24,Normal,Normal,Normal,1.8
2016-12-19,2017-01-31,Normal,Normal,Normal,1.8
2016-12-26,2017-02-07,Normal,Normal,Normal,1.9
2017-01-02,2017-02-14,Normal,Normal,Normal,2.0
2017-01-09,2017-02-21,Normal,Normal,Normal,2.4
2017-01-16,2017-02-28,Normal,Normal,Normal,2.4
2017-01-23,2017-03-07,Normal,Normal,Normal,2.4
2017-01-30,2017-03-14,Normal,Normal,Normal,2.6
2017-02-06,2017-03-21,Anomaly,Normal,Normal,1.4444444444444444
2017-02-13,2017-03-28,Anomaly,Normal,Normal,1.4444444444444444
2017-02-20,2017-04-04,Normal,Normal,Normal,1.5555555555555556
2017-02-27,2017-04-11,Normal,Normal,Normal,1.5555555555555556
2017-03-06,2017-04-18,Normal,Normal,Normal,1.5555555555555556
2017-03-13,2017-04-25,Normal,Anomaly,Normal,1.5555555555555556
2017-03-20,2017-05-02,Normal,Anomaly,Normal,1.5555555555555556
2017-03-27,2017-05-09,Normal,Normal,Normal,1.75
2017-04-03,2017-05-16,Normal,Normal,Normal,1.75
2017-04-10,2017-05-23,Normal,Normal,Normal,1.875
2017-04-17,2017-05-30,Normal,Normal,Normal,1.875
2017-04-24,2017-06-06,Normal,Normal,Normal,1.875
2017-05-01,2017-06-13,Normal,Anomaly,Normal,1.875
2017-05-08,2017-06-20,Anomaly,Anomaly,Normal,1.6666666666666667
2017-05-15,2017-06-27,Anomaly,Anomaly,Anomaly,1.6666666666666667
2017-05-22,2017-07-04,Anomaly,Anomaly,Normal,1.6666666666666667
2017-05-29,2017-07-11,Normal,Anomaly,Normal,1.6666666666666667
2017-06-05,2017-07-18,Normal,Anomaly,Normal,1.6666666666666667
2017-06-12,2017-07-25,Normal,Anomaly,Normal,1.7777777777777777
2017-06-19,2017-08-01,Normal,Anomaly,Normal,2.0
2017-06-26,2017-08-08,Normal,Anomaly,Normal,2.9230769230769234
2017-07-03,2017-08-15,Anomaly,Anomaly,Normal,3.692307692307693
2017-07-10,2017-08-22,Anomaly,Anomaly,Normal,3.692307692307693
2017-07-17,2017-08-29,Anomaly,Anomaly,Normal,3.692307692307693
2017-07-24,2017-09-05,Anomaly,Anomaly,Normal,3.2
2017-07-31,2017-09-12,Anomaly,Anomaly,Normal,1.8461538461538465
2017-08-07,2017-09-19,Anomaly,Anomaly,Normal,1.92
2017-08-14,2017-09-26,Normal,Anomaly,Normal,1.8
2017-08-21,2017-10-03,Normal,Anomaly,Normal,1.8
2017-08-28,2017-10-10,Normal,Anomaly,Normal,1.88
2017-09-04,2017-10-17,Normal,Anomaly,Normal,1.88
2017-09-11,2017-10-24,Normal,Anomaly,Normal,2.253731343264335
2017-09-18,2017-10-31,Normal,Anomaly,Normal,2.253731343264335
2017-09-25,2017-11-07,Anomaly,Anomaly,Normal,2.48
2017-10-02,2017-11-14,Anomaly,Anomaly,Normal,2.48
2017-10-09,2017-11-21,Anomaly,Anomaly,Normal,1.9117647058823528
2017-10-16,2017-11-28,Anomaly,Anomaly,Normal,2.0588235294117645
2017-10-23,2017-12-05,Anomaly,Anomaly,Normal,2.0
2017-10-30,2017-12-12,Anomaly,Anomaly,Normal,1.7045454545454546
2017-11-06,2017-12-19,Normal,Anomaly,Normal,1.4150943396226414
2017-11-13,2017-12-26,Normal,Anomaly,Normal,1.6666666666666667
2017-11-20,2018-01-02,Normal,Anomaly,Anomaly,1.6666666666666667
2017-11-27,2018-01-09,Normal,Anomaly,Anomaly,1.6666666666666667
2017-12-04,2018-01-16,Normal,Anomaly,Anomaly,1.6666666666666667
2017-12-11,2018-01-23,Normal,Anomaly,Anomaly,1.6666666666666667
2017-12-18,2018-01-30,Normal,Anomaly,Anomaly,2.03125
2017-12-25,2018-02-06,Normal,Anomaly,Anomaly,2.03125
2018-01-01,2018-02-13,Normal,Anomaly,Normal,2.03125
2018-01-08,2018-02-20,Normal,Anomaly,Normal,2.4074074074074074
2018-01-15,2018-02-27,Normal,Anomaly,Normal,3.055555555555556
2018-01-22,2018-03-06,Normal,Anomaly,Normal,3.7142857142857135
2018-01-29,2018-03-13,Normal,Anomaly,Normal,3.1428571428571432
2018-02-05,2018-03-20,Normal,Anomaly,Normal,3.1428571428571432
2018-02-12,2018-03-27,Normal,Anomaly,Normal,2.642857142857143
2018-02-19,2018-04-03,Normal,Normal,Normal,2.0769230769230766
2018-02-26,2018-04-10,Normal,Normal,Normal,1.6923076923076923
2018-03-05,2018-04-17,Normal,Normal,Normal,2.0
2018-03-12,2018-04-24,Normal,Normal,Normal,1.4545454545454546
2018-03-19,2018-05-01,Normal,Normal,Normal,1.2727272727272727
2018-03-26,2018-05-08,Normal,Normal,Normal,1.2727272727272727
2018-04-02,2018-05-15,Normal,Normal,Normal,1.2727272727272727
2018-04-09,2018-05-22,Normal,Normal,Normal,1.4
2018-04-16,2018-05-29,Normal,Normal,Normal,1.4
2018-04-23,2018-06-05,Normal,Normal,Normal,1.8
2018-04-30,2018-06-12,Normal,Normal,Normal,1.8
2018-05-07,2018-06-19,Normal,Normal,Normal,1.8
2018-05-14,2018-06-26,Normal,Anomaly,Normal,1.8
2018-05-21,2018-07-03,Anomaly,Anomaly,Normal,2.3
2018-05-28,2018-07-10,Anomaly,Anomaly,Normal,1.9166666666666667
2018-06-04,2018-07-17,Anomaly,Anomaly,Normal,1.9166666666666667
2018-06-11,2018-07-24,Normal,Anomaly,Normal,1.6428571428571428
2018-06-18,2018-07-31,Normal,Anomaly,Normal,1.3529411764705883
2018-06-25,2018-08-07,Anomaly,Anomaly,Normal,1.2777777777777777
2018-07-02,2018-08-14,Normal,Anomaly,Normal,1.3333333333333333
2018-07-09,2018-08-21,Normal,Normal,Normal,1.3450292397513084
2018-07-16,2018-08-28,Normal,Normal,Normal,1.3450292397513084
2018-07-23,2018-09-04,Normal,Normal,Normal,1.3450292397513084
2018-07-30,2018-09-11,Normal,Normal,Normal,1.3450292397513084
2018-08-06,2018-09-18,Normal,Normal,Normal,1.3450292397513084
2018-08-13,2018-09-25,Normal,Normal,Normal,1.4241486067955031
2018-08-20,2018-10-02,Normal,Normal,Normal,1.3529411764705883
2018-08-27,2018-10-09,Normal,Normal,Normal,1.1764705882352942
2018-09-03,2018-10-16,Normal,Normal,Normal,1.4705882352941178
2018-09-10,2018-10-23,Normal,Normal,Normal,1.4705882352941178
2018-09-17,2018-10-30,Normal,Normal,Normal,1.4705882352941178
2018-09-24,2018-11-06,Anomaly,Normal,Normal,1.4705882352941178
2018-10-01,2018-11-13,Anomaly,Normal,Normal,1.4705882352941178
2018-10-08,2018-11-20,Anomaly,Normal,Normal,1.5625
2018-10-15,2018-11-27,Anomaly,Normal,Anomaly,1.6666666666666667
2018-10-22,2018-12-04,Normal,Normal,Anomaly,1.6666666666666667
2018-10-29,2018-12-11,Normal,Normal,Normal,2.083333333333333
2018-11-05,2018-12-18,Normal,Normal,Anomaly,2.083333333333333
2018-11-12,2018-12-25,Normal,Normal,Anomaly,2.118478262581521
2018-11-19,2019-01-01,Normal,Normal,Anomaly,1.6
2018-11-26,2019-01-08,Normal,Normal,Anomaly,1.5
2018-12-03,2019-01-15,Normal,Normal,Anomaly,2.142857142857143
2018-12-10,2019-01-22,Normal,Normal,Anomaly,2.142857142857143
2018-12-17,2019-01-29,Normal,Normal,Anomaly,2.5
2018-12-24,2019-02-05,Normal,Normal,Anomaly,2.5
2018-12-31,2019-02-12,Normal,Normal,Anomaly,2.5
2019-01-07,2019-02-19,Normal,Normal,Anomaly,2.5
2019-01-14,2019-02-26,Normal,Normal,Normal,2.5
2019-01-21,2019-03-05,Normal,Normal,Normal,2.5
2019-01-28,2019-03-12,Normal,Normal,Normal,1.8571428571428568
2019-02-04,2019-03-19,Anomaly,Normal,Normal,1.5555555555555556
2019-02-11,2019-03-26,Anomaly,Normal,Normal,1.5555555555555556
2019-02-18,2019-04-02,Anomaly,Normal,Normal,1.6666666666666667
2019-02-25,2019-04-09,Anomaly,Normal,Normal,1.6666666666666667
2019-03-04,2019-04-16,Anomaly,Normal,Normal,1.3432835761491035
2019-03-11,2019-04-23,Normal,Normal,Normal,1.3333333333333333
2019-03-18,2019-04-30,Normal,Normal,Normal,1.3333333333333333
2019-03-25,2019-05-07,Normal,Normal,Normal,1.3750000000468747
2019-04-01,2019-05-14,Normal,Normal,Normal,1.3750000000468747
2019-04-08,2019-05-21,Normal,Normal,Normal,1.546875000052734
2019-04-15,2019-05-28,Normal,Normal,Normal,1.8046875000615232
2019-04-22,2019-06-04,Normal,Anomaly,Normal,1.8906250000644529
2019-04-29,2019-06-11,Normal,Normal,Normal,1.9765625000673823
2019-05-06,2019-06-18,Anomaly,Anomaly,Normal,1.9765625000673823
2019-05-13,2019-06-25,Anomaly,Anomaly,Normal,1.5333333333333334
2019-05-20,2019-07-02,Anomaly,Anomaly,Normal,1.5333333333333334
2019-05-27,2019-07-09,Anomaly,Anomaly,Normal,1.0952380952380951
2019-06-03,2019-07-16,Normal,Normal,Normal,1.0454545454545454
2019-06-10,2019-07-23,Normal,Normal,Normal,1.0454545454545454
2019-06-17,2019-07-30,Normal,Normal,Normal,1.0454545454545454
2019-06-24,2019-08-06,Normal,Normal,Normal,1.2727272727272727
2019-07-01,2019-08-13,Normal,Normal,Normal,1.2727272727272727
2019-07-08,2019-08-20,Normal,Normal,Normal,1.5909090909090908
2019-07-15,2019-08-27,Normal,Anomaly,Normal,1.7272727272727273
2019-07-22,2019-09-03,Normal,Anomaly,Normal,2.0
2019-07-29,2019-09-10,Normal,Anomaly,Normal,1.9565217391304348
2019-08-05,2019-09-17,Normal,Anomaly,Normal,2.083333333319444
2019-08-12,2019-09-24,Normal,Anomaly,Normal,2.592592592592593
2019-08-19,2019-10-01,Normal,Anomaly,Normal,2.121212121212121
2019-08-26,2019-10-08,Normal,Anomaly,Normal,2.0
2019-09-02,2019-10-15,Normal,Anomaly,Normal,2.0
2019-09-09,2019-10-22,Normal,Anomaly,Normal,1.9444444444444444
2019-09-16,2019-10-29,Normal,Anomaly,Normal,1.9444444444444444
2019-09-23,2019-11-05,Normal,Anomaly,Normal,2.5
2019-09-30,2019-11-12,Normal,Anomaly,Normal,2.5
2019-10-07,2019-11-19,Normal,Anomaly,Normal,2.7777777777777777
2019-10-14,2019-11-26,Normal,Anomaly,Normal,3.888888888888889
2019-10-21,2019-12-03,Normal,Anomaly,Normal,3.6
2019-10-28,2019-12-10,Normal,Anomaly,Normal,3.6666666666666665
2019-11-04,2019-12-17,Normal,Anomaly,Normal,3.1428571428571432
2019-11-11,2019-12-24,Anomaly,Anomaly,Normal,2.4510067114112983
2019-11-18,2019-12-31,Anomaly,Anomaly,Normal,2.4444444444444446
2019-11-25,2020-01-07,Anomaly,Anomaly,Normal,3.6666666666666665
2019-12-02,2020-01-14,Anomaly,Anomaly,Normal,3.8596491228070176
2019-12-09,2020-01-21,Normal,Anomaly,Normal,3.1578947368421053
2019-12-16,2020-01-28,Normal,Anomaly,Normal,3.6
2019-12-23,2020-02-04,Normal,Anomaly,Normal,3.0
2019-12-30,2020-02-11,Normal,Anomaly,Normal,3.703703703703704
2020-01-06,2020-02-18,Normal,Anomaly,Normal,3.037037037037037
2020-01-13,2020-02-25,Normal,Anomaly,Normal,3.037037037037037
2020-01-20,2020-03-03,Normal,Anomaly,Normal,3.037037037037037
2020-01-27,2020-03-10,Normal,Anomaly,Normal,2.074074074074074
2020-02-03,2020-03-17,Anomaly,Anomaly,Normal,1.9230769230769231
2020-02-10,2020-03-24,Anomaly,Anomaly,Normal,1.9545454545454544
2020-02-17,2020-03-31,Normal,Anomaly,Normal,1.9545454545454544
2020-02-24,2020-04-07,Normal,Anomaly,Normal,1.7272727272727273
2020-03-02,2020-04-14,Normal,Anomaly,Normal,2.655597225928648
2020-03-09,2020-04-21,Normal,Anomaly,Normal,2.655597225928648
2020-03-16,2020-04-28,Normal,Anomaly,Normal,2.29673273593829
2020-03-23,2020-05-05,Normal,Anomaly,Normal,2.29673273593829
2020-03-30,2020-05-12,Normal,Normal,Normal,2.9090909090909087
2020-04-06,2020-05-19,Normal,Normal,Normal,2.5454545454545454
2020-04-13,2020-05-26,Normal,Normal,Normal,1.818181818181818
2020-04-20,2020-06-02,Normal,Normal,Normal,1.6363636363636365
2020-04-27,2020-06-09,Normal,Normal,Normal,1.6363636363636365
2020-05-04,2020-06-16,Normal,Normal,Normal,1.6363636363636365
2020-05-11,2020-06-23,Normal,Normal,Normal,1.3846153846153846
2020-05-18,2020-06-30,Normal,Normal,Normal,1.2857142857142858
2020-05-25,2020-07-07,Normal,Normal,Normal,1.2
2020-06-01,2020-07-14,Normal,Normal,Normal,1.2
2020-06-08,2020-07-21,Normal,Normal,Normal,1.2
2020-06-15,2020-07-28,Normal,Normal,Normal,1.2
2020-06-22,2020-08-04,Normal,Normal,Normal,1.2
2020-06-29,2020-08-11,Normal,Normal,Normal,1.2
2020-07-06,2020-08-18,Normal,Normal,Normal,2.0
2020-07-13,2020-08-25,Normal,Normal,Normal,2.0
2020-07-20,2020-09-01,Normal,Normal,Normal,1.9411764705882355
2020-07-27,2020-09-08,Normal,Normal,Normal,2.0
2020-08-03,2020-09-15,Normal,Normal,Normal,2.0
2020-08-10,2020-09-22,Normal,Normal,Normal,3.0588235294117645
2020-08-17,2020-09-29,Normal,Normal,Normal,2.888888888888889
2020-08-24,2020-10-06,Normal,Normal,Normal,2.888888888888889
2020-08-31,2020-10-13,Normal,Normal,Normal,2.363636363636364
2020-09-07,2020-10-20,Normal,Normal,Normal,1.8571428571428568
2020-09-14,2020-10-27,Normal,Normal,Normal,1.8571428571428568
2020-09-21,2020-11-03,Normal,Normal,Normal,1.3
