DATE,VOLATILITY,VOLATILITY_SAMEMONTH,VOLATILITY_LASTMONTH,VOLATILITY_LASTYEAR,VOLATILITY_SUM,PRICE_SAMEMONTH,PRICE_LASTMONTH,PRICE_LASTYEAR,PRICE_SUM,SUM,STATENAME,MANDINAME
2016-01-01,0.0430838723998523,1.0,0.0,0.0,1.0,0,0,0,0,1.0,WEST BENGAL,DURGAPUR
2016-01-01,0.0,0.0,0.0,0.0,0.0,0,0,0,0,0.0,UTTAR PRADESH,PRATAPGARH
2016-01-01,0.0182404950485567,0.0,0.0,0.0,0.0,0,0,0,0,0.0,WEST BENGAL,KASIPUR
2016-01-01,0.0,0.0,0.0,0.0,0.0,0,0,0,0,0.0,UTTAR PRADESH,CHHIBRAMAU(KANNUJ)
2016-01-01,0.0,0.0,0.0,0.0,0.0,0,0,0,0,0.0,WEST BENGAL,KATWA
2016-02-01,0.032909301421945,1.0,1.0,0.0,2.0,0,0,0,0,2.0,WEST BENGAL,KATWA
2016-02-01,0.0,1.0,0.0,0.0,1.0,0,0,0,0,1.0,WEST BENGAL,DURGAPUR
2016-02-01,0.0,0.0,0.0,0.0,0.0,0,0,0,0,0.0,UTTAR PRADESH,PRATAPGARH
2016-02-01,0.0217346938643315,0.0,0.0,0.0,0.0,0,0,0,0,0.0,WEST BENGAL,KASIPUR
2016-02-01,0.0,0.0,0.0,0.0,0.0,0,0,0,0,0.0,UTTAR PRADESH,CHHIBRAMAU(KANNUJ)
2016-03-01,0.0174544763736727,0.0,0.0,0.0,0.0,3,0,0,3,3.0,WEST BENGAL,KASIPUR
2016-03-01,0.0,0.0,0.0,0.0,0.0,3,0,0,3,3.0,UTTAR PRADESH,CHHIBRAMAU(KANNUJ)
2016-03-01,0.0179216538468397,1.0,1.0,0.0,2.0,0,0,0,0,2.0,WEST BENGAL,KATWA
2016-03-01,0.0136946940189019,1.0,0.0,0.0,1.0,0,0,0,0,1.0,WEST BENGAL,DURGAPUR
2016-03-01,0.0,0.0,0.0,0.0,0.0,1,0,0,1,1.0,UTTAR PRADESH,PRATAPGARH
2016-04-01,0.0,0.0,0.0,0.0,0.0,6,3,0,9,9.0,UTTAR PRADESH,CHHIBRAMAU(KANNUJ)
2016-04-01,0.0102583307381732,0.0,0.0,0.0,0.0,8,0,0,8,8.0,WEST BENGAL,KASIPUR
2016-04-01,0.0231378221161298,2.0,2.0,0.0,4.0,2,1,0,3,7.0,WEST BENGAL,KATWA
2016-04-01,0.007034203698677,1.0,0.0,0.0,1.0,3,2,0,5,6.0,WEST BENGAL,DURGAPUR
2016-04-01,0.0006019792217721,0.0,0.0,0.0,0.0,3,2,0,5,5.0,UTTAR PRADESH,PRATAPGARH
2016-05-01,0.1083567792700198,3.0,3.0,0.0,6.0,2,4,0,6,12.0,WEST BENGAL,KATWA
2016-05-01,0.0,0.0,0.0,0.0,0.0,6,5,0,11,11.0,UTTAR PRADESH,CHHIBRAMAU(KANNUJ)
2016-05-01,0.0,1.0,0.0,0.0,1.0,3,6,0,9,10.0,WEST BENGAL,DURGAPUR
2016-05-01,0.0026144277185481,0.0,0.0,0.0,0.0,10,0,0,10,10.0,WEST BENGAL,KASIPUR
2016-05-01,0.0012898062018881,0.0,0.0,0.0,0.0,3,3,0,6,6.0,UTTAR PRADESH,PRATAPGARH
2016-06-01,0.0120317936281895,1.0,0.0,0.0,1.0,15,2,0,17,18.0,WEST BENGAL,KASIPUR
2016-06-01,0.0,3.0,3.0,0.0,6.0,5,7,0,12,18.0,WEST BENGAL,KATWA
2016-06-01,0.0,1.0,0.0,0.0,1.0,3,7,0,10,11.0,WEST BENGAL,DURGAPUR
2016-06-01,0.0,0.0,0.0,0.0,0.0,6,5,0,11,11.0,UTTAR PRADESH,CHHIBRAMAU(KANNUJ)
2016-06-01,0.0016854019930461,0.0,0.0,0.0,0.0,3,3,0,6,6.0,UTTAR PRADESH,PRATAPGARH
2016-07-01,0.0246456404604292,2.0,1.0,0.0,3.0,16,6,0,22,25.0,WEST BENGAL,KASIPUR
2016-07-01,0.0,3.0,3.0,0.0,6.0,8,9,0,17,23.0,WEST BENGAL,KATWA
2016-07-01,0.0087532356633348,1.0,1.0,0.0,2.0,6,7,0,13,15.0,WEST BENGAL,DURGAPUR
2016-07-01,0.0,0.0,0.0,0.0,0.0,6,5,0,11,11.0,UTTAR PRADESH,CHHIBRAMAU(KANNUJ)
2016-07-01,0.0013155060635222,0.0,0.0,0.0,0.0,3,3,0,6,6.0,UTTAR PRADESH,PRATAPGARH
2016-08-01,0.0072763878421909,3.0,3.0,0.0,6.0,10,13,0,23,29.0,WEST BENGAL,KATWA
2016-08-01,0.0034657628652709,2.0,1.0,0.0,3.0,11,10,0,21,24.0,WEST BENGAL,KASIPUR
2016-08-01,0.0096448544335613,2.0,1.0,0.0,3.0,8,9,0,17,20.0,WEST BENGAL,DURGAPUR
2016-08-01,0.0,0.0,0.0,0.0,0.0,5,5,0,10,10.0,UTTAR PRADESH,CHHIBRAMAU(KANNUJ)
2016-08-01,0.0010822378781234,0.0,0.0,0.0,0.0,0,3,0,3,3.0,UTTAR PRADESH,PRATAPGARH
2016-09-01,0.0,3.0,3.0,0.0,6.0,12,16,0,28,34.0,WEST BENGAL,KATWA
2016-09-01,0.0052553498427388,2.0,1.0,0.0,3.0,10,15,0,25,28.0,WEST BENGAL,KASIPUR
2016-09-01,0.0088655015461656,2.0,2.0,0.0,4.0,11,8,0,19,23.0,WEST BENGAL,DURGAPUR
2016-09-01,0.0,0.0,0.0,0.0,0.0,10,6,0,16,16.0,UTTAR PRADESH,CHHIBRAMAU(KANNUJ)
2016-09-01,0.0195884563124509,1.0,1.0,0.0,2.0,1,0,0,1,3.0,UTTAR PRADESH,PRATAPGARH
2016-10-01,0.0076965127074721,3.0,3.0,0.0,6.0,10,16,0,26,32.0,WEST BENGAL,KATWA
2016-10-01,0.0,2.0,1.0,0.0,3.0,8,18,0,26,29.0,WEST BENGAL,KASIPUR
2016-10-01,0.0411330806637822,1.0,1.0,0.0,2.0,14,10,0,24,26.0,UTTAR PRADESH,CHHIBRAMAU(KANNUJ)
2016-10-01,0.0,2.0,2.0,0.0,4.0,14,7,0,21,25.0,WEST BENGAL,DURGAPUR
2016-10-01,0.031918010395063,1.0,2.0,0.0,3.0,4,2,0,6,9.0,UTTAR PRADESH,PRATAPGARH
2016-11-01,0.0060673621150148,1.0,1.0,0.0,2.0,19,15,0,34,36.0,UTTAR PRADESH,CHHIBRAMAU(KANNUJ)
2016-11-01,0.0,2.0,2.0,0.0,4.0,19,11,0,30,34.0,WEST BENGAL,DURGAPUR
2016-11-01,0.0066694842543598,3.0,3.0,0.0,6.0,9,16,0,25,31.0,WEST BENGAL,KATWA
2016-11-01,0.0125949849623578,3.0,1.0,0.0,4.0,4,15,0,19,23.0,WEST BENGAL,KASIPUR
2016-11-01,0.0005451280139755,1.0,2.0,0.0,3.0,9,6,0,15,18.0,UTTAR PRADESH,PRATAPGARH
2016-12-01,0.0048950381988492,1.0,1.0,0.0,2.0,20,19,0,39,41.0,UTTAR PRADESH,CHHIBRAMAU(KANNUJ)
2016-12-01,0.0,2.0,2.0,0.0,4.0,18,15,0,33,37.0,WEST BENGAL,DURGAPUR
2016-12-01,0.0005228267073701,1.0,2.0,0.0,3.0,13,10,0,23,26.0,UTTAR PRADESH,PRATAPGARH
2016-12-01,0.0,3.0,3.0,0.0,6.0,4,12,0,16,22.0,WEST BENGAL,KATWA
2016-12-01,0.0172917787597408,4.0,2.0,0.0,6.0,3,10,0,13,19.0,WEST BENGAL,KASIPUR
2017-01-01,0.0060776780293259,1.0,1.0,0.0,2.0,20,20,0,40,42.0,UTTAR PRADESH,CHHIBRAMAU(KANNUJ)
2017-01-01,0.0,1.0,2.0,0.0,3.0,18,15,0,33,36.0,WEST BENGAL,DURGAPUR
2017-01-01,0.0009534562461217,1.0,2.0,0.0,3.0,17,14,0,31,34.0,UTTAR PRADESH,PRATAPGARH
2017-01-01,0.0043719107170198,4.0,2.0,0.0,6.0,3,6,0,9,15.0,WEST BENGAL,KASIPUR
2017-01-01,0.0086908081785582,4.0,3.0,0.0,7.0,0,8,0,8,15.0,WEST BENGAL,KATWA
2017-02-01,0.00933422012637,1.0,3.0,0.0,4.0,20,18,0,38,42.0,WEST BENGAL,DURGAPUR
2017-02-01,0.006625899670308,1.0,1.0,0.0,2.0,20,20,0,40,42.0,UTTAR PRADESH,CHHIBRAMAU(KANNUJ)
2017-02-01,0.0013775519552906,1.0,2.0,0.0,3.0,20,18,0,38,41.0,UTTAR PRADESH,PRATAPGARH
2017-02-01,0.0203350944933366,4.0,3.0,0.0,7.0,0,3,0,3,10.0,WEST BENGAL,KATWA
2017-02-01,0.0063847448246781,4.0,2.0,0.0,6.0,0,1,0,1,7.0,WEST BENGAL,KASIPUR
2017-03-01,0.0043715113714666,1.0,3.0,0.0,4.0,20,20,1,41,45.0,WEST BENGAL,DURGAPUR
2017-03-01,0.0101121551783605,1.0,1.0,0.0,2.0,20,20,3,43,45.0,UTTAR PRADESH,CHHIBRAMAU(KANNUJ)
2017-03-01,0.0102332365005538,1.0,2.0,0.0,3.0,20,20,1,41,44.0,UTTAR PRADESH,PRATAPGARH
2017-03-01,0.0301564876056461,5.0,3.0,1.0,9.0,0,0,0,0,9.0,WEST BENGAL,KASIPUR
2017-03-01,0.0112575555381451,4.0,3.0,0.0,7.0,0,0,0,0,7.0,WEST BENGAL,KATWA
2017-04-01,0.0096486572658773,1.0,1.0,0.0,2.0,20,20,7,47,49.0,UTTAR PRADESH,CHHIBRAMAU(KANNUJ)
2017-04-01,0.0147341917713192,1.0,3.0,0.0,4.0,20,20,2,42,46.0,WEST BENGAL,DURGAPUR
2017-04-01,0.0053126655614604,1.0,2.0,0.0,3.0,19,20,1,40,43.0,UTTAR PRADESH,PRATAPGARH
2017-04-01,0.0334461594002139,6.0,4.0,2.0,12.0,0,0,1,1,13.0,WEST BENGAL,KASIPUR
2017-04-01,0.0168185022775383,3.0,2.0,0.0,5.0,0,2,0,2,7.0,WEST BENGAL,KATWA
2017-05-01,0.1190863654709171,2.0,2.0,1.0,5.0,20,20,8,48,53.0,UTTAR PRADESH,CHHIBRAMAU(KANNUJ)
2017-05-01,0.0,1.0,3.0,0.0,4.0,17,20,2,39,43.0,WEST BENGAL,DURGAPUR
2017-05-01,0.0030526130026579,1.0,2.0,0.0,3.0,16,20,1,37,40.0,UTTAR PRADESH,PRATAPGARH
2017-05-01,0.0260360427176323,6.0,5.0,3.0,14.0,2,4,1,7,21.0,WEST BENGAL,KASIPUR
2017-05-01,0.018314125545917,2.0,1.0,1.0,4.0,0,6,0,6,10.0,WEST BENGAL,KATWA
2017-06-01,0.007420987860631,2.0,2.0,1.0,5.0,20,20,8,48,53.0,UTTAR PRADESH,CHHIBRAMAU(KANNUJ)
2017-06-01,0.0066476814080471,1.0,3.0,0.0,4.0,17,20,2,39,43.0,WEST BENGAL,DURGAPUR
2017-06-01,0.0008647272322786,1.0,2.0,0.0,3.0,16,20,1,37,40.0,UTTAR PRADESH,PRATAPGARH
2017-06-01,0.0036259587152575,5.0,5.0,3.0,13.0,2,4,1,7,20.0,WEST BENGAL,KASIPUR
2017-06-01,0.0070052681558556,2.0,1.0,1.0,4.0,2,8,0,10,14.0,WEST BENGAL,KATWA
2017-07-01,0.0059482858200328,3.0,2.0,1.0,6.0,18,19,9,46,52.0,UTTAR PRADESH,CHHIBRAMAU(KANNUJ)
2017-07-01,0.0,1.0,2.0,0.0,3.0,16,19,3,38,41.0,WEST BENGAL,DURGAPUR
2017-07-01,0.0023655124855411,1.0,2.0,0.0,3.0,13,19,1,33,36.0,UTTAR PRADESH,PRATAPGARH
2017-07-01,0.0040797968259128,2.0,1.0,1.0,4.0,5,12,4,21,25.0,WEST BENGAL,KATWA
2017-07-01,0.0041493597409299,4.0,4.0,3.0,11.0,3,4,1,8,19.0,WEST BENGAL,KASIPUR
2017-08-01,0.1315813427114395,4.0,3.0,2.0,9.0,14,18,10,42,51.0,UTTAR PRADESH,CHHIBRAMAU(KANNUJ)
2017-08-01,0.008767534928161,0.0,3.0,0.0,3.0,17,20,7,44,47.0,WEST BENGAL,DURGAPUR
2017-08-01,0.0055382592523941,1.0,3.0,0.0,4.0,9,17,6,32,36.0,UTTAR PRADESH,PRATAPGARH
2017-08-01,0.0026947323319684,2.0,1.0,1.0,4.0,7,15,9,31,35.0,WEST BENGAL,KATWA
2017-08-01,0.0084396806260427,4.0,5.0,3.0,12.0,8,6,1,15,27.0,WEST BENGAL,KASIPUR
2017-09-01,0.0,0.0,2.0,0.0,2.0,18,20,11,49,51.0,WEST BENGAL,DURGAPUR
2017-09-01,0.0380625305868913,5.0,3.0,3.0,11.0,10,14,11,35,46.0,UTTAR PRADESH,CHHIBRAMAU(KANNUJ)
2017-09-01,0.0027652370714438,2.0,1.0,1.0,4.0,7,12,13,32,36.0,WEST BENGAL,KATWA
2017-09-01,0.0027178578254124,0.0,2.0,0.0,2.0,8,13,10,31,33.0,UTTAR PRADESH,PRATAPGARH
2017-09-01,0.00340571483647,4.0,5.0,3.0,12.0,11,8,2,21,33.0,WEST BENGAL,KASIPUR
2017-10-01,0.0,0.0,2.0,0.0,2.0,18,20,15,53,55.0,WEST BENGAL,DURGAPUR
2017-10-01,0.1090328344602987,5.0,3.0,4.0,12.0,7,12,15,34,46.0,UTTAR PRADESH,CHHIBRAMAU(KANNUJ)
2017-10-01,0.005073552268068,4.0,5.0,3.0,12.0,11,10,6,27,39.0,WEST BENGAL,KASIPUR
2017-10-01,0.0186544915547315,2.0,1.0,2.0,5.0,7,9,17,33,38.0,WEST BENGAL,KATWA
2017-10-01,0.0007867653892895,0.0,1.0,0.0,1.0,5,9,14,28,29.0,UTTAR PRADESH,PRATAPGARH
2017-11-01,0.0,0.0,2.0,0.0,2.0,14,17,20,51,53.0,WEST BENGAL,DURGAPUR
2017-11-01,0.0088082383675293,6.0,3.0,4.0,13.0,7,12,20,39,52.0,UTTAR PRADESH,CHHIBRAMAU(KANNUJ)
2017-11-01,0.0059873333039789,3.0,5.0,3.0,11.0,11,10,11,32,43.0,WEST BENGAL,KASIPUR
2017-11-01,0.0026354722822277,2.0,1.0,2.0,5.0,3,5,20,28,33.0,WEST BENGAL,KATWA
2017-11-01,0.0021696647254523,0.0,1.0,0.0,1.0,0,4,19,23,24.0,UTTAR PRADESH,PRATAPGARH
2017-12-01,0.0091473601078499,7.0,4.0,4.0,15.0,10,12,20,42,57.0,UTTAR PRADESH,CHHIBRAMAU(KANNUJ)
2017-12-01,0.0,0.0,2.0,0.0,2.0,14,14,20,48,50.0,WEST BENGAL,DURGAPUR
2017-12-01,0.0011749475820464,2.0,4.0,3.0,9.0,8,10,15,33,42.0,WEST BENGAL,KASIPUR
2017-12-01,0.0021033440792941,2.0,1.0,2.0,5.0,2,1,20,23,28.0,WEST BENGAL,KATWA
2017-12-01,0.0025749124618242,0.0,1.0,0.0,1.0,0,0,20,20,21.0,UTTAR PRADESH,PRATAPGARH
2018-01-01,0.0054721832774521,7.0,4.0,4.0,15.0,15,16,21,52,67.0,UTTAR PRADESH,CHHIBRAMAU(KANNUJ)
2018-01-01,0.0,0.0,2.0,0.0,2.0,15,15,21,51,53.0,WEST BENGAL,DURGAPUR
2018-01-01,0.0583801195067229,3.0,5.0,4.0,12.0,4,7,20,31,43.0,WEST BENGAL,KASIPUR
2018-01-01,0.0,1.0,1.0,2.0,4.0,0,0,21,21,25.0,WEST BENGAL,KATWA
2018-01-01,0.0004626270308972,0.0,1.0,0.0,1.0,0,0,21,21,22.0,UTTAR PRADESH,PRATAPGARH
2018-02-01,0.0156002662820585,7.0,4.0,4.0,15.0,19,20,20,59,74.0,UTTAR PRADESH,CHHIBRAMAU(KANNUJ)
2018-02-01,0.0,0.0,1.0,0.0,1.0,14,14,20,48,49.0,WEST BENGAL,DURGAPUR
2018-02-01,0.0205657372711079,4.0,5.0,5.0,14.0,1,3,20,24,38.0,WEST BENGAL,KASIPUR
2018-02-01,0.0025556485445065,0.0,0.0,2.0,2.0,0,0,20,20,22.0,WEST BENGAL,KATWA
2018-02-01,0.0026607705644923,0.0,1.0,0.0,1.0,0,0,20,20,21.0,UTTAR PRADESH,PRATAPGARH
2018-03-01,0.0034172991309954,7.0,4.0,4.0,15.0,20,20,20,60,75.0,UTTAR PRADESH,CHHIBRAMAU(KANNUJ)
2018-03-01,0.0,0.0,1.0,0.0,1.0,18,14,20,52,53.0,WEST BENGAL,DURGAPUR
2018-03-01,0.0048824019814143,3.0,4.0,4.0,11.0,5,5,20,30,41.0,WEST BENGAL,KASIPUR
2018-03-01,0.0079146385059686,1.0,0.0,2.0,3.0,0,0,20,20,23.0,WEST BENGAL,KATWA
2018-03-01,0.0068392674355538,0.0,1.0,0.0,1.0,0,0,20,20,21.0,UTTAR PRADESH,PRATAPGARH
2018-04-01,0.1099171611633437,8.0,5.0,5.0,18.0,19,19,19,57,75.0,UTTAR PRADESH,CHHIBRAMAU(KANNUJ)
2018-04-01,0.0,0.0,1.0,0.0,1.0,19,18,19,56,57.0,WEST BENGAL,DURGAPUR
2018-04-01,0.005275916497377,2.0,3.0,3.0,8.0,5,5,19,29,37.0,WEST BENGAL,KASIPUR
2018-04-01,0.0053296468064194,1.0,0.0,2.0,3.0,0,0,19,19,22.0,WEST BENGAL,KATWA
2018-04-01,0.0082183762661587,0.0,2.0,0.0,2.0,0,0,19,19,21.0,UTTAR PRADESH,PRATAPGARH
2018-05-01,0.0051217550566888,7.0,4.0,4.0,15.0,20,20,20,60,75.0,UTTAR PRADESH,CHHIBRAMAU(KANNUJ)
2018-05-01,0.0166067000853381,1.0,1.0,0.0,2.0,20,20,20,60,62.0,WEST BENGAL,DURGAPUR
2018-05-01,0.004328943669198,2.0,2.0,2.0,6.0,5,5,20,30,36.0,WEST BENGAL,KASIPUR
2018-05-01,0.0012627224295093,1.0,0.0,1.0,2.0,0,0,20,20,22.0,WEST BENGAL,KATWA
2018-05-01,0.0043769444916252,0.0,2.0,0.0,2.0,0,0,15,15,17.0,UTTAR PRADESH,PRATAPGARH
2018-06-01,0.1228060183515602,8.0,5.0,5.0,18.0,20,20,20,60,78.0,UTTAR PRADESH,CHHIBRAMAU(KANNUJ)
2018-06-01,0.0063793890620201,1.0,1.0,0.0,2.0,20,20,20,60,62.0,WEST BENGAL,DURGAPUR
2018-06-01,0.0029499664244161,2.0,2.0,2.0,6.0,5,5,19,29,35.0,WEST BENGAL,KASIPUR
2018-06-01,0.0033714889139994,1.0,0.0,1.0,2.0,0,0,20,20,22.0,WEST BENGAL,KATWA
2018-06-01,0.0104100841367588,0.0,2.0,0.0,2.0,0,0,11,11,13.0,UTTAR PRADESH,PRATAPGARH
2018-07-01,0.1717016313192587,8.0,6.0,6.0,20.0,19,19,19,57,77.0,UTTAR PRADESH,CHHIBRAMAU(KANNUJ)
2018-07-01,0.0075154478208436,1.0,1.0,0.0,2.0,15,15,16,46,48.0,WEST BENGAL,DURGAPUR
2018-07-01,0.0747882999299587,2.0,2.0,3.0,7.0,2,2,14,18,25.0,WEST BENGAL,KASIPUR
2018-07-01,0.0030567007990545,1.0,0.0,1.0,2.0,0,0,17,17,19.0,WEST BENGAL,KATWA
2018-07-01,0.0058321146272115,0.0,2.0,0.0,2.0,0,0,6,6,8.0,UTTAR PRADESH,PRATAPGARH
2018-08-01,0.0063189416559745,8.0,5.0,5.0,18.0,20,20,20,60,78.0,UTTAR PRADESH,CHHIBRAMAU(KANNUJ)
2018-08-01,0.0014935337967676,1.0,0.0,0.0,1.0,11,11,12,34,35.0,WEST BENGAL,DURGAPUR
2018-08-01,0.001989016119614,2.0,1.0,3.0,6.0,0,0,10,10,16.0,WEST BENGAL,KASIPUR
2018-08-01,0.0056178753321479,1.0,0.0,1.0,2.0,0,0,13,13,15.0,WEST BENGAL,KATWA
2018-08-01,0.0052655059376821,0.0,1.0,0.0,1.0,0,0,6,6,7.0,UTTAR PRADESH,PRATAPGARH
2018-09-01,0.010348128809037,8.0,6.0,4.0,18.0,18,18,18,54,72.0,UTTAR PRADESH,CHHIBRAMAU(KANNUJ)
2018-09-01,0.0028633614184329,1.0,0.0,0.0,1.0,7,7,8,22,23.0,WEST BENGAL,DURGAPUR
2018-09-01,0.0019682339588676,2.0,1.0,3.0,6.0,0,0,6,6,12.0,WEST BENGAL,KASIPUR
2018-09-01,0.0026162479682405,1.0,0.0,1.0,2.0,0,0,9,9,11.0,WEST BENGAL,KATWA
2018-09-01,0.0013842595977477,0.0,1.0,0.0,1.0,0,0,8,8,9.0,UTTAR PRADESH,PRATAPGARH
2018-10-01,0.1086082368468808,8.0,6.0,4.0,18.0,14,13,13,40,58.0,UTTAR PRADESH,CHHIBRAMAU(KANNUJ)
2018-10-01,0.0011683334924022,0.0,1.0,0.0,1.0,0,0,10,10,11.0,UTTAR PRADESH,PRATAPGARH
2018-10-01,0.0014929260509305,1.0,0.0,0.0,1.0,2,2,3,7,8.0,WEST BENGAL,DURGAPUR
2018-10-01,0.0064512745732642,2.0,1.0,3.0,6.0,0,0,1,1,7.0,WEST BENGAL,KASIPUR
2018-10-01,0.001605649736175,1.0,0.0,0.0,1.0,0,0,4,4,5.0,WEST BENGAL,KATWA
2018-11-01,0.1217495992476207,8.0,7.0,5.0,20.0,14,10,10,34,54.0,UTTAR PRADESH,CHHIBRAMAU(KANNUJ)
2018-11-01,0.0011244631870714,0.0,1.0,0.0,1.0,0,0,10,10,11.0,UTTAR PRADESH,PRATAPGARH
2018-11-01,0.0044319881697516,2.0,1.0,3.0,6.0,0,0,0,0,6.0,WEST BENGAL,KASIPUR
2018-11-01,0.002782023300166,1.0,0.0,0.0,1.0,0,0,0,0,1.0,WEST BENGAL,DURGAPUR
2018-11-01,0.0044159632528164,1.0,0.0,0.0,1.0,0,0,0,0,1.0,WEST BENGAL,KATWA
2018-12-01,0.0091086446188966,8.0,6.0,6.0,20.0,14,10,10,34,54.0,UTTAR PRADESH,CHHIBRAMAU(KANNUJ)
2018-12-01,0.0011942696199129,0.0,1.0,0.0,1.0,0,0,9,9,10.0,UTTAR PRADESH,PRATAPGARH
2018-12-01,0.0010660275067608,2.0,1.0,3.0,6.0,0,0,0,0,6.0,WEST BENGAL,KASIPUR
2018-12-01,0.0077081242864378,2.0,0.0,0.0,2.0,0,0,0,0,2.0,WEST BENGAL,DURGAPUR
2018-12-01,0.001254705144291,1.0,0.0,0.0,1.0,0,0,0,0,1.0,WEST BENGAL,KATWA
2019-01-01,0.0036900369005077,9.0,6.0,6.0,21.0,14,10,10,34,55.0,UTTAR PRADESH,CHHIBRAMAU(KANNUJ)
2019-01-01,0.0005165442484486,0.0,1.0,0.0,1.0,0,0,4,4,5.0,UTTAR PRADESH,PRATAPGARH
2019-01-01,0.0013102324380135,2.0,0.0,0.0,2.0,1,0,0,1,3.0,WEST BENGAL,DURGAPUR
2019-01-01,0.0019034442904783,1.0,0.0,2.0,3.0,0,0,0,0,3.0,WEST BENGAL,KASIPUR
2019-01-01,0.0,1.0,0.0,0.0,1.0,0,0,0,0,1.0,WEST BENGAL,KATWA
2019-02-01,0.0054998213714709,10.0,7.0,6.0,23.0,18,14,14,46,69.0,UTTAR PRADESH,CHHIBRAMAU(KANNUJ)
2019-02-01,0.0022356535458436,2.0,0.0,0.0,2.0,2,0,0,2,4.0,WEST BENGAL,DURGAPUR
2019-02-01,0.0003460021531136,0.0,1.0,0.0,1.0,0,0,0,0,1.0,UTTAR PRADESH,PRATAPGARH
2019-02-01,0.0012817268999399,0.0,0.0,1.0,1.0,0,0,0,0,1.0,WEST BENGAL,KASIPUR
2019-02-01,0.0020251704877078,1.0,0.0,0.0,1.0,0,0,0,0,1.0,WEST BENGAL,KATWA
2019-03-01,0.0091216497146621,11.0,8.0,6.0,25.0,20,18,18,56,81.0,UTTAR PRADESH,CHHIBRAMAU(KANNUJ)
2019-03-01,0.0014221526984797,2.0,0.0,0.0,2.0,2,0,0,2,4.0,WEST BENGAL,DURGAPUR
2019-03-01,0.000305372690711,0.0,1.0,0.0,1.0,0,0,0,0,1.0,UTTAR PRADESH,PRATAPGARH
2019-03-01,0.0013867915146877,0.0,0.0,1.0,1.0,0,0,0,0,1.0,WEST BENGAL,KASIPUR
2019-03-01,0.0046568172183077,0.0,1.0,0.0,1.0,0,0,0,0,1.0,WEST BENGAL,KATWA
2019-04-01,0.1315905770576298,11.0,8.0,6.0,25.0,20,20,20,60,85.0,UTTAR PRADESH,CHHIBRAMAU(KANNUJ)
2019-04-01,0.0076324625447222,2.0,1.0,0.0,3.0,2,0,0,2,5.0,WEST BENGAL,DURGAPUR
2019-04-01,0.0065142464318857,0.0,0.0,1.0,1.0,0,0,0,0,1.0,WEST BENGAL,KASIPUR
2019-04-01,0.0020526644912839,0.0,1.0,0.0,1.0,0,0,0,0,1.0,WEST BENGAL,KATWA
2019-04-01,0.0010784674016756,0.0,0.0,0.0,0.0,0,0,0,0,0.0,UTTAR PRADESH,PRATAPGARH
2019-05-01,0.0049050910013936,11.0,8.0,6.0,25.0,20,20,20,60,85.0,UTTAR PRADESH,CHHIBRAMAU(KANNUJ)
2019-05-01,0.0104879208795702,2.0,1.0,0.0,3.0,3,1,0,4,7.0,WEST BENGAL,DURGAPUR
2019-05-01,0.002063032325127,0.0,0.0,1.0,1.0,0,0,0,0,1.0,WEST BENGAL,KASIPUR
2019-05-01,0.0009479596180698,0.0,1.0,0.0,1.0,0,0,0,0,1.0,WEST BENGAL,KATWA
2019-05-01,0.0004714089469926,0.0,0.0,0.0,0.0,0,0,0,0,0.0,UTTAR PRADESH,PRATAPGARH
2019-06-01,0.0069781812647972,11.0,7.0,5.0,23.0,20,20,20,60,83.0,UTTAR PRADESH,CHHIBRAMAU(KANNUJ)
2019-06-01,0.0036757706140124,2.0,1.0,0.0,3.0,1,5,0,6,9.0,WEST BENGAL,DURGAPUR
2019-06-01,0.0030434158990395,0.0,0.0,1.0,1.0,0,0,0,0,1.0,WEST BENGAL,KASIPUR
2019-06-01,0.0022361621241248,0.0,1.0,0.0,1.0,0,0,0,0,1.0,WEST BENGAL,KATWA
2019-06-01,0.0006296630485637,0.0,0.0,0.0,0.0,0,0,0,0,0.0,UTTAR PRADESH,PRATAPGARH
2019-07-01,0.0082939439281504,11.0,7.0,4.0,22.0,20,20,20,60,82.0,UTTAR PRADESH,CHHIBRAMAU(KANNUJ)
2019-07-01,0.0032137871404206,2.0,1.0,0.0,3.0,1,5,0,6,9.0,WEST BENGAL,DURGAPUR
2019-07-01,0.001236084361732,0.0,1.0,0.0,1.0,0,0,0,0,1.0,WEST BENGAL,KATWA
2019-07-01,0.0009128802855385,0.0,0.0,0.0,0.0,0,0,0,0,0.0,UTTAR PRADESH,PRATAPGARH
2019-07-01,0.0026907183758506,0.0,0.0,0.0,0.0,0,0,0,0,0.0,WEST BENGAL,KASIPUR
2019-08-01,0.0065955573185144,10.0,8.0,4.0,22.0,20,20,20,60,82.0,UTTAR PRADESH,CHHIBRAMAU(KANNUJ)
2019-08-01,0.0025442179816807,2.0,1.0,0.0,3.0,1,5,0,6,9.0,WEST BENGAL,DURGAPUR
2019-08-01,0.0111300538609763,1.0,2.0,0.0,3.0,0,0,0,0,3.0,WEST BENGAL,KATWA
2019-08-01,0.0007286054170523,0.0,0.0,0.0,0.0,0,0,0,0,0.0,UTTAR PRADESH,PRATAPGARH
2019-08-01,0.001654563414177,0.0,0.0,0.0,0.0,0,0,0,0,0.0,WEST BENGAL,KASIPUR
2019-09-01,0.0054743021353711,9.0,7.0,4.0,20.0,20,20,20,60,80.0,UTTAR PRADESH,CHHIBRAMAU(KANNUJ)
2019-09-01,0.1044542145356583,3.0,2.0,1.0,6.0,1,5,0,6,12.0,WEST BENGAL,DURGAPUR
2019-09-01,0.000868999422692,1.0,2.0,0.0,3.0,0,0,0,0,3.0,WEST BENGAL,KATWA
2019-09-01,0.0004435272302749,0.0,0.0,0.0,0.0,0,0,0,0,0.0,UTTAR PRADESH,PRATAPGARH
2019-09-01,0.0006778006602342,0.0,0.0,0.0,0.0,0,0,0,0,0.0,WEST BENGAL,KASIPUR
2019-10-01,0.0037865132071201,8.0,6.0,3.0,17.0,20,20,20,60,77.0,UTTAR PRADESH,CHHIBRAMAU(KANNUJ)
2019-10-01,0.0017309667568401,3.0,2.0,1.0,6.0,0,2,0,2,8.0,WEST BENGAL,DURGAPUR
2019-10-01,0.0054246792643877,2.0,2.0,0.0,4.0,0,0,0,0,4.0,WEST BENGAL,KATWA
2019-10-01,0.0008305682437519,0.0,0.0,0.0,0.0,0,0,0,0,0.0,UTTAR PRADESH,PRATAPGARH
2019-10-01,0.0015721529389762,0.0,0.0,0.0,0.0,0,0,0,0,0.0,WEST BENGAL,KASIPUR
2019-11-01,0.0062101513140922,7.0,6.0,2.0,15.0,20,20,20,60,75.0,UTTAR PRADESH,CHHIBRAMAU(KANNUJ)
2019-11-01,0.0078236838261348,4.0,3.0,1.0,8.0,0,0,0,0,8.0,WEST BENGAL,DURGAPUR
2019-11-01,0.0033611072939898,2.0,2.0,0.0,4.0,0,0,0,0,4.0,WEST BENGAL,KATWA
2019-11-01,0.0073876244397799,0.0,1.0,0.0,1.0,0,0,0,0,1.0,UTTAR PRADESH,PRATAPGARH
2019-11-01,0.0032462017010587,0.0,0.0,0.0,0.0,0,0,0,0,0.0,WEST BENGAL,KASIPUR
2019-12-01,0.0174561476143842,7.0,7.0,1.0,15.0,20,20,20,60,75.0,UTTAR PRADESH,CHHIBRAMAU(KANNUJ)
2019-12-01,0.0036184609270538,3.0,3.0,1.0,7.0,0,0,0,0,7.0,WEST BENGAL,DURGAPUR
2019-12-01,0.0041258207993565,2.0,2.0,0.0,4.0,0,0,0,0,4.0,WEST BENGAL,KATWA
2019-12-01,0.0099411931810653,0.0,2.0,0.0,2.0,0,0,0,0,2.0,UTTAR PRADESH,PRATAPGARH
2019-12-01,0.001180793241285,0.0,0.0,0.0,0.0,0,0,0,0,0.0,WEST BENGAL,KASIPUR
2020-01-01,0.0071570640900709,6.0,7.0,1.0,14.0,20,20,20,60,74.0,UTTAR PRADESH,CHHIBRAMAU(KANNUJ)
2020-01-01,0.0025850321319802,3.0,3.0,1.0,7.0,0,0,0,0,7.0,WEST BENGAL,DURGAPUR
2020-01-01,0.008969044654993,1.0,2.0,1.0,4.0,0,0,0,0,4.0,UTTAR PRADESH,PRATAPGARH
2020-01-01,0.0066524151043262,2.0,2.0,0.0,4.0,0,0,0,0,4.0,WEST BENGAL,KATWA
2020-01-01,0.0022521457864685,0.0,0.0,0.0,0.0,0,0,0,0,0.0,WEST BENGAL,KASIPUR
2020-02-01,0.0102644302493173,5.0,7.0,1.0,13.0,20,20,20,60,73.0,UTTAR PRADESH,CHHIBRAMAU(KANNUJ)
2020-02-01,0.1050923949878012,4.0,4.0,2.0,10.0,4,0,0,4,14.0,WEST BENGAL,DURGAPUR
2020-02-01,0.0090518803060962,1.0,3.0,1.0,5.0,0,1,4,5,10.0,UTTAR PRADESH,PRATAPGARH
2020-02-01,0.0044530618570929,2.0,2.0,0.0,4.0,0,0,1,1,5.0,WEST BENGAL,KATWA
2020-02-01,0.0024587362658354,0.0,0.0,0.0,0.0,1,0,0,1,1.0,WEST BENGAL,KASIPUR
2020-03-01,0.0075692387555549,4.0,6.0,1.0,11.0,19,19,19,57,68.0,UTTAR PRADESH,CHHIBRAMAU(KANNUJ)
2020-03-01,0.1382654910725857,5.0,5.0,3.0,13.0,8,3,0,11,24.0,WEST BENGAL,DURGAPUR
2020-03-01,0.0203747551986165,1.0,3.0,2.0,6.0,0,4,8,12,18.0,UTTAR PRADESH,PRATAPGARH
2020-03-01,0.0006996356876613,0.0,0.0,0.0,0.0,5,1,0,6,6.0,WEST BENGAL,KASIPUR
2020-03-01,0.0036369098369245,2.0,1.0,0.0,3.0,0,0,3,3,6.0,WEST BENGAL,KATWA
2020-04-01,0.0089923404082522,3.0,5.0,0.0,8.0,20,20,20,60,68.0,UTTAR PRADESH,CHHIBRAMAU(KANNUJ)
2020-04-01,0.0081441335993634,5.0,4.0,3.0,12.0,13,8,0,21,33.0,WEST BENGAL,DURGAPUR
2020-04-01,0.0142565298794591,2.0,3.0,3.0,8.0,0,4,13,17,25.0,UTTAR PRADESH,PRATAPGARH
2020-04-01,0.0040496131028336,0.0,0.0,0.0,0.0,8,6,0,14,14.0,WEST BENGAL,KASIPUR
2020-04-01,0.0058671445979456,2.0,1.0,0.0,3.0,0,0,8,8,11.0,WEST BENGAL,KATWA
2020-05-01,0.0046989515677098,3.0,5.0,0.0,8.0,20,20,20,60,68.0,UTTAR PRADESH,CHHIBRAMAU(KANNUJ)
2020-05-01,0.0050059713210983,4.0,4.0,3.0,11.0,17,12,0,29,40.0,WEST BENGAL,DURGAPUR
2020-05-01,0.0051334703907164,2.0,3.0,3.0,8.0,0,4,17,21,29.0,UTTAR PRADESH,PRATAPGARH
2020-05-01,0.0052048406544143,0.0,0.0,0.0,0.0,10,9,0,19,19.0,WEST BENGAL,KASIPUR
2020-05-01,0.0089833000994405,3.0,1.0,0.0,4.0,0,0,12,12,16.0,WEST BENGAL,KATWA
2020-06-01,0.0045822065875461,2.0,5.0,0.0,7.0,20,20,15,55,62.0,UTTAR PRADESH,CHHIBRAMAU(KANNUJ)
2020-06-01,0.0182005823653105,4.0,5.0,3.0,12.0,20,16,0,36,48.0,WEST BENGAL,DURGAPUR
2020-06-01,0.0470266628354671,3.0,4.0,4.0,11.0,0,4,20,24,35.0,UTTAR PRADESH,PRATAPGARH
2020-06-01,0.0025879253409422,0.0,0.0,0.0,0.0,14,9,0,23,23.0,WEST BENGAL,KASIPUR
2020-06-01,0.0029610388565944,3.0,1.0,0.0,4.0,0,0,17,17,21.0,WEST BENGAL,KATWA
2020-07-01,0.0030612647925365,1.0,4.0,0.0,5.0,20,20,11,51,56.0,UTTAR PRADESH,CHHIBRAMAU(KANNUJ)
2020-07-01,0.0081486687225043,4.0,5.0,3.0,12.0,20,19,0,39,51.0,WEST BENGAL,DURGAPUR
2020-07-01,0.004320147386671,3.0,4.0,4.0,11.0,0,1,20,21,32.0,UTTAR PRADESH,PRATAPGARH
2020-07-01,0.0282918876157012,1.0,0.0,1.0,2.0,15,9,0,24,26.0,WEST BENGAL,KASIPUR
2020-07-01,0.0028467195623893,3.0,1.0,0.0,4.0,0,0,20,20,24.0,WEST BENGAL,KATWA
2020-08-01,0.0216551436690559,2.0,4.0,0.0,6.0,20,20,7,47,53.0,UTTAR PRADESH,CHHIBRAMAU(KANNUJ)
2020-08-01,0.0192019029092767,5.0,6.0,3.0,14.0,16,15,4,35,49.0,WEST BENGAL,DURGAPUR
2020-08-01,0.0035852573529094,3.0,4.0,4.0,11.0,3,3,20,26,37.0,UTTAR PRADESH,PRATAPGARH
2020-08-01,0.0094960709292985,1.0,0.0,1.0,2.0,13,6,1,20,22.0,WEST BENGAL,KASIPUR
2020-08-01,0.0020001007411133,2.0,0.0,0.0,2.0,0,0,20,20,22.0,WEST BENGAL,KATWA
2020-09-01,0.005934037982037,2.0,4.0,0.0,6.0,20,20,2,42,48.0,UTTAR PRADESH,CHHIBRAMAU(KANNUJ)
2020-09-01,0.0029607149138651,3.0,4.0,4.0,11.0,8,8,20,36,47.0,UTTAR PRADESH,PRATAPGARH
2020-09-01,0.2374038863759466,5.0,6.0,3.0,14.0,11,10,9,30,44.0,WEST BENGAL,DURGAPUR
2020-09-01,0.0042100763460736,2.0,0.0,0.0,2.0,0,0,20,20,22.0,WEST BENGAL,KATWA
2020-09-01,0.0118749475126701,1.0,0.0,1.0,2.0,12,1,6,19,21.0,WEST BENGAL,KASIPUR
2020-10-01,0.0073405688350507,3.0,4.0,4.0,11.0,8,12,20,40,51.0,UTTAR PRADESH,PRATAPGARH
2020-10-01,0.0293294515302409,2.0,4.0,1.0,7.0,20,18,2,40,47.0,UTTAR PRADESH,CHHIBRAMAU(KANNUJ)
2020-10-01,0.1229002076319107,6.0,6.0,4.0,16.0,11,6,13,30,46.0,WEST BENGAL,DURGAPUR
2020-10-01,0.0072791505364932,1.0,0.0,0.0,1.0,4,0,20,24,25.0,WEST BENGAL,KATWA
2020-10-01,0.0585801671663087,1.0,0.0,2.0,3.0,9,1,10,20,23.0,WEST BENGAL,KASIPUR
2020-11-01,0.0148812098822508,3.0,3.0,4.0,10.0,8,13,20,41,51.0,UTTAR PRADESH,PRATAPGARH
2020-11-01,0.0022286934536948,5.0,5.0,4.0,14.0,11,6,17,34,48.0,WEST BENGAL,DURGAPUR
2020-11-01,0.0048820314747409,2.0,3.0,1.0,6.0,18,17,6,41,47.0,UTTAR PRADESH,CHHIBRAMAU(KANNUJ)
2020-11-01,0.0027464318328475,1.0,0.0,0.0,1.0,6,3,20,29,30.0,WEST BENGAL,KATWA
2020-11-01,0.1581024632909676,2.0,1.0,3.0,6.0,5,1,14,20,26.0,WEST BENGAL,KASIPUR
2020-12-01,0.0028074886395043,5.0,5.0,4.0,14.0,13,8,15,36,50.0,WEST BENGAL,DURGAPUR
2020-12-01,0.0047881898942415,3.0,2.0,4.0,9.0,7,12,20,39,48.0,UTTAR PRADESH,PRATAPGARH
2020-12-01,0.0027805844325997,1.0,2.0,1.0,4.0,13,13,11,37,41.0,UTTAR PRADESH,CHHIBRAMAU(KANNUJ)
2020-12-01,0.0076007220994794,1.0,0.0,0.0,1.0,8,5,20,33,34.0,WEST BENGAL,KATWA
2020-12-01,0.2515681472608209,3.0,2.0,4.0,9.0,2,3,17,22,31.0,WEST BENGAL,KASIPUR
2021-01-01,0.0023075537106276,5.0,5.0,4.0,14.0,15,12,11,38,52.0,WEST BENGAL,DURGAPUR
2021-01-01,0.0512934554061668,4.0,2.0,5.0,11.0,6,7,19,32,43.0,WEST BENGAL,KASIPUR
2021-01-01,0.001997593412424,2.0,2.0,3.0,7.0,3,8,20,31,38.0,UTTAR PRADESH,PRATAPGARH
2021-01-01,0.0027296367193712,1.0,2.0,1.0,4.0,9,9,15,33,37.0,UTTAR PRADESH,CHHIBRAMAU(KANNUJ)
2021-01-01,0.0038765488929467,1.0,0.0,0.0,1.0,8,6,20,34,35.0,WEST BENGAL,KATWA
2021-02-01,0.8499210073370389,5.0,3.0,6.0,14.0,11,12,20,43,57.0,WEST BENGAL,KASIPUR
2021-02-01,0.0028679067961877,4.0,4.0,3.0,11.0,14,15,8,37,48.0,WEST BENGAL,DURGAPUR
2021-02-01,0.0085654609410946,1.0,1.0,1.0,3.0,5,5,20,30,33.0,UTTAR PRADESH,CHHIBRAMAU(KANNUJ)
2021-02-01,0.0031199798089344,1.0,0.0,0.0,1.0,7,6,19,32,33.0,WEST BENGAL,KATWA
2021-02-01,0.0057877397410111,2.0,1.0,3.0,6.0,0,4,21,25,31.0,UTTAR PRADESH,PRATAPGARH
2021-03-01,0.0099742952240051,5.0,3.0,6.0,14.0,15,15,19,49,63.0,WEST BENGAL,KASIPUR
2021-03-01,0.0020546149922139,3.0,3.0,2.0,8.0,9,14,3,26,34.0,WEST BENGAL,DURGAPUR
2021-03-01,0.0022299426898074,2.0,1.0,2.0,5.0,0,0,20,20,25.0,UTTAR PRADESH,PRATAPGARH
2021-03-01,0.0233411907281866,2.0,1.0,1.0,4.0,0,3,18,21,25.0,UTTAR PRADESH,CHHIBRAMAU(KANNUJ)
2021-03-01,0.007255023376421,1.0,0.0,0.0,1.0,2,5,14,21,22.0,WEST BENGAL,KATWA
2021-04-01,0.0780277627508089,6.0,4.0,7.0,17.0,17,17,19,53,70.0,WEST BENGAL,KASIPUR
2021-04-01,0.0027284974196981,3.0,3.0,2.0,8.0,8,10,1,19,27.0,WEST BENGAL,DURGAPUR
2021-04-01,0.0313891708984963,2.0,2.0,2.0,6.0,0,0,18,18,24.0,UTTAR PRADESH,CHHIBRAMAU(KANNUJ)
2021-04-01,0.002819461595424,1.0,1.0,1.0,3.0,0,0,20,20,23.0,UTTAR PRADESH,PRATAPGARH
2021-04-01,0.0085112561048797,1.0,0.0,0.0,1.0,3,1,14,18,19.0,WEST BENGAL,KATWA
2021-05-01,0.0016576346552919,6.0,4.0,7.0,17.0,13,13,19,45,62.0,WEST BENGAL,KASIPUR
2021-05-01,0.0071038661905481,3.0,2.0,2.0,7.0,4,1,17,22,29.0,UTTAR PRADESH,CHHIBRAMAU(KANNUJ)
2021-05-01,0.0039837224860052,3.0,3.0,2.0,8.0,7,8,1,16,24.0,WEST BENGAL,DURGAPUR
2021-05-01,0.0034334162188981,1.0,1.0,1.0,3.0,0,0,19,19,22.0,UTTAR PRADESH,PRATAPGARH
2021-05-01,0.0054668547824449,0.0,0.0,0.0,0.0,6,3,13,22,22.0,WEST BENGAL,KATWA
2021-06-01,0.0004358605806982,6.0,4.0,7.0,17.0,11,13,20,44,61.0,WEST BENGAL,KASIPUR
2021-06-01,0.0010465160095064,4.0,2.0,2.0,8.0,5,2,18,25,33.0,UTTAR PRADESH,CHHIBRAMAU(KANNUJ)
2021-06-01,0.0008655854632883,3.0,2.0,2.0,7.0,12,9,1,22,29.0,WEST BENGAL,DURGAPUR
2021-06-01,0.000911188210049,0.0,0.0,0.0,0.0,7,5,14,26,26.0,WEST BENGAL,KATWA
2021-06-01,0.0007257756111964,0.0,0.0,0.0,0.0,0,0,20,20,20.0,UTTAR PRADESH,PRATAPGARH
