DATE,DISPERSION,COMMODITY
2010-01-01,0.0464966358974099,ONION
2010-01-01,0.0409895911856011,TOMATO
2010-01-01,0.0347877837205065,POTATO
2010-01-01,0.024346071618250087,AVG
2010-01-01,0.016362329899124,GREEN GRAM DAL (MOONG DAL)
2010-01-01,0.0119077750835355,RICE
2010-01-01,0.0105927643280866,MASUR DAL
2010-01-01,0.009285621213487,MUSTARD OIL
2010-02-01,0.0537873905656805,TOMATO
2010-02-01,0.0521888296848781,POTATO
2010-02-01,0.0428378726610225,ONION
2010-02-01,0.02727200105177923,AVG
2010-02-01,0.0145579793620603,GREEN GRAM DAL (MOONG DAL)
2010-02-01,0.012001950100668,RICE
2010-02-01,0.0087321348603964,MUSTARD OIL
2010-02-01,0.0067978501277488,MASUR DAL
2010-03-01,0.0411236508432969,POTATO
2010-03-01,0.0340351115247505,TOMATO
2010-03-01,0.0292284864365632,ONION
2010-03-01,0.019945423958116444,AVG
2010-03-01,0.0137337027558315,GREEN GRAM DAL (MOONG DAL)
2010-03-01,0.0111406634246547,RICE
2010-03-01,0.0066043102248492,MUSTARD OIL
2010-03-01,0.0037520424968691,MASUR DAL
2010-04-01,0.0445167371609978,POTATO
2010-04-01,0.0271569164421811,TOMATO
2010-04-01,0.0259706439232832,ONION
2010-04-01,0.018882188718086085,AVG
2010-04-01,0.0151647993649828,GREEN GRAM DAL (MOONG DAL)
2010-04-01,0.0099065967066099,RICE
2010-04-01,0.0057626598915548,MUSTARD OIL
2010-04-01,0.003696967536993,MASUR DAL
2010-05-01,0.0302618626665413,TOMATO
2010-05-01,0.0249984606384937,ONION
2010-05-01,0.0238016324866552,POTATO
2010-05-01,0.016265432607721755,AVG
2010-05-01,0.0151547732318557,GREEN GRAM DAL (MOONG DAL)
2010-05-01,0.0089715927728516,RICE
2010-05-01,0.0062118471202377,MUSTARD OIL
2010-05-01,0.0044578593374171,MASUR DAL
2010-06-01,0.0441058398134359,TOMATO
2010-06-01,0.0283705740506928,ONION
2010-06-01,0.0268974436009566,POTATO
2010-06-01,0.01986313272039777,AVG
2010-06-01,0.0135962040658378,GREEN GRAM DAL (MOONG DAL)
2010-06-01,0.0134446743100757,RICE
2010-06-01,0.0068113800394975,MUSTARD OIL
2010-06-01,0.0058158131622881,MASUR DAL
2010-07-01,0.0560677053221629,TOMATO
2010-07-01,0.0366722428939214,POTATO
2010-07-01,0.0249985359604192,ONION
2010-07-01,0.0224763130461972,AVG
2010-07-01,0.015010977183401,RICE
2010-07-01,0.0127387401621635,GREEN GRAM DAL (MOONG DAL)
2010-07-01,0.0090841070317644,MASUR DAL
2010-07-01,0.002761882769548,MUSTARD OIL
2010-08-01,0.0469799354053681,POTATO
2010-08-01,0.0453879589728483,TOMATO
2010-08-01,0.0255696835703057,ONION
2010-08-01,0.021707983792725073,AVG
2010-08-01,0.0122644267818035,RICE
2010-08-01,0.009686202997697,GREEN GRAM DAL (MOONG DAL)
2010-08-01,0.0092343641778306,MASUR DAL
2010-08-01,0.0028333146432223,MUSTARD OIL
2010-09-01,0.0397495457172734,TOMATO
2010-09-01,0.031823443848205,POTATO
2010-09-01,0.0222131073733613,ONION
2010-09-01,0.017988922106353,AVG
2010-09-01,0.0175890763560782,RICE
2010-09-01,0.0075738242792183,GREEN GRAM DAL (MOONG DAL)
2010-09-01,0.0045876047433482,MASUR DAL
2010-09-01,0.0023858524269866,MUSTARD OIL
2010-10-01,0.0311866244137928,TOMATO
2010-10-01,0.0264710314870411,POTATO
2010-10-01,0.0229793780767526,ONION
2010-10-01,0.0183945159671142,RICE
2010-10-01,0.0156899791038387,AVG
2010-10-01,0.0075389669395407,MASUR DAL
2010-10-01,0.001642265210423,GREEN GRAM DAL (MOONG DAL)
2010-10-01,0.0016170716322065,MUSTARD OIL
2010-11-01,0.0298232223939872,POTATO
2010-11-01,0.0224172223059201,TOMATO
2010-11-01,0.0216973676393158,ONION
2010-11-01,0.0201493709990816,RICE
2010-11-01,0.015538878130788985,AVG
2010-11-01,0.0075358654139943,MASUR DAL
2010-11-01,0.0057392068167589,GREEN GRAM DAL (MOONG DAL)
2010-11-01,0.001409891346465,MUSTARD OIL
2010-12-01,0.0328531314619424,TOMATO
2010-12-01,0.0240395172213197,RICE
2010-12-01,0.0156536850854697,ONION
2010-12-01,0.014104761109236844,AVG
2010-12-01,0.0125799474901584,POTATO
2010-12-01,0.0095002521451997,MASUR DAL
2010-12-01,0.0028559751542315,GREEN GRAM DAL (MOONG DAL)
2010-12-01,0.0012508192063365,MUSTARD OIL
2011-01-01,0.0539964443942378,TOMATO
2011-01-01,0.0254551421994628,RICE
2011-01-01,0.017386410746456884,AVG
2011-01-01,0.015842103608613,POTATO
2011-01-01,0.0110372295653283,MASUR DAL
2011-01-01,0.010457219604643,ONION
2011-01-01,0.0032861220147437,GREEN GRAM DAL (MOONG DAL)
2011-01-01,0.0016306138381696,MUSTARD OIL
2011-02-01,0.035713421945187,POTATO
2011-02-01,0.020796364500987,RICE
2011-02-01,0.0171235951794211,TOMATO
2011-02-01,0.0165456706329392,ONION
2011-02-01,0.014962560880457141,AVG
2011-02-01,0.01008466503341,MASUR DAL
2011-02-01,0.0038437265814241,GREEN GRAM DAL (MOONG DAL)
2011-02-01,0.0006304822898316,MUSTARD OIL
2011-03-01,0.0377463863842539,TOMATO
2011-03-01,0.0257964967765034,POTATO
2011-03-01,0.0179526073969852,RICE
2011-03-01,0.0178610412328528,ONION
2011-03-01,0.016389278974111028,AVG
2011-03-01,0.0096445886659479,MASUR DAL
2011-03-01,0.0053872340630951,GREEN GRAM DAL (MOONG DAL)
2011-03-01,0.0003365982991389,MUSTARD OIL
2011-04-01,0.0559356361973037,TOMATO
2011-04-01,0.0262523847963707,POTATO
2011-04-01,0.0253025844987541,ONION
2011-04-01,0.020067393238290543,AVG
2011-04-01,0.015597039944707,RICE
2011-04-01,0.008436599403666,MASUR DAL
2011-04-01,0.0067765686772537,GREEN GRAM DAL (MOONG DAL)
2011-04-01,0.0021709391499786,MUSTARD OIL
2011-05-01,0.0296572378050344,TOMATO
2011-05-01,0.0252621931344776,POTATO
2011-05-01,0.0156834559144365,ONION
2011-05-01,0.015441303862984644,AVG
2011-05-01,0.0150552952916425,RICE
2011-05-01,0.0119213038450455,GREEN GRAM DAL (MOONG DAL)
2011-05-01,0.0069918179383911,MASUR DAL
2011-05-01,0.0035178231118649,MUSTARD OIL
2011-06-01,0.0265160036817874,POTATO
2011-06-01,0.025017228960757,TOMATO
2011-06-01,0.0214775169095032,RICE
2011-06-01,0.0166514059069792,ONION
2011-06-01,0.015873233693752143,AVG
2011-06-01,0.0145151250081513,GREEN GRAM DAL (MOONG DAL)
2011-06-01,0.0046160181735177,MASUR DAL
2011-06-01,0.0023193372155692,MUSTARD OIL
2011-07-01,0.052064937702112,TOMATO
2011-07-01,0.0283501584199186,POTATO
2011-07-01,0.0208280248530063,RICE
2011-07-01,0.02028501313475754,AVG
2011-07-01,0.0178050459926276,ONION
2011-07-01,0.0143624044029231,GREEN GRAM DAL (MOONG DAL)
2011-07-01,0.0062394229655217,MASUR DAL
2011-07-01,0.0023450976071935,MUSTARD OIL
2011-08-01,0.0848580830784253,TOMATO
2011-08-01,0.0300581833889677,POTATO
2011-08-01,0.023879320219412754,AVG
2011-08-01,0.0195187538779909,RICE
2011-08-01,0.0145811497813286,ONION
2011-08-01,0.0130987287988861,GREEN GRAM DAL (MOONG DAL)
2011-08-01,0.0046981529523388,MASUR DAL
2011-08-01,0.0003421896579519,MUSTARD OIL
2011-09-01,0.0824306636690068,TOMATO
2011-09-01,0.0349528601997112,POTATO
2011-09-01,0.02464573453127557,AVG
2011-09-01,0.0212699037081817,ONION
2011-09-01,0.0187637433341992,RICE
2011-09-01,0.0070597091755433,GREEN GRAM DAL (MOONG DAL)
2011-09-01,0.0068684787928319,MASUR DAL
2011-09-01,0.0011747828394549,MUSTARD OIL
2011-10-01,0.0343980080315661,POTATO
2011-10-01,0.0314605106853746,TOMATO
2011-10-01,0.014803247721930956,AVG
2011-10-01,0.0147591106015975,RICE
2011-10-01,0.0095529848755725,ONION
2011-10-01,0.0060617127585344,GREEN GRAM DAL (MOONG DAL)
2011-10-01,0.0054897980642921,MASUR DAL
2011-10-01,0.0019006090365795,MUSTARD OIL
2011-11-01,0.0302158583820489,POTATO
2011-11-01,0.0269084452894754,TOMATO
2011-11-01,0.0229334017489809,RICE
2011-11-01,0.0152290438671652,AVG
2011-11-01,0.0129796647722485,ONION
2011-11-01,0.0070103377845007,GREEN GRAM DAL (MOONG DAL)
2011-11-01,0.0034977562280867,MUSTARD OIL
2011-11-01,0.0030578428648153,MASUR DAL
2011-12-01,0.0327458392868647,TOMATO
2011-12-01,0.0256787930338953,RICE
2011-12-01,0.0246807200117632,POTATO
2011-12-01,0.0242114439201374,ONION
2011-12-01,0.017035269226053102,AVG
2011-12-01,0.007742838522251,GREEN GRAM DAL (MOONG DAL)
2011-12-01,0.0029767672096526,MUSTARD OIL
2011-12-01,0.0012104825978075,MASUR DAL
2012-01-01,0.0263318033395791,TOMATO
2012-01-01,0.0258605750959384,RICE
2012-01-01,0.0210838336740787,POTATO
2012-01-01,0.0193674646058944,ONION
2012-01-01,0.014706396133084557,AVG
2012-01-01,0.0060925280418746,GREEN GRAM DAL (MOONG DAL)
2012-01-01,0.0031558740209697,MUSTARD OIL
2012-01-01,0.001052694153257,MASUR DAL
2012-02-01,0.0335576986429866,TOMATO
2012-02-01,0.0268351481677336,RICE
2012-02-01,0.0171791194079203,POTATO
2012-02-01,0.0143866437585056,AVG
2012-02-01,0.0125890174465432,ONION
2012-02-01,0.0068728652054642,GREEN GRAM DAL (MOONG DAL)
2012-02-01,0.0023962297368838,MUSTARD OIL
2012-02-01,0.0012764277020075,MASUR DAL
2012-03-01,0.0318670708258797,TOMATO
2012-03-01,0.0238781142564744,RICE
2012-03-01,0.0184120685235059,POTATO
2012-03-01,0.0178075156144956,ONION
2012-03-01,0.015369847344060229,AVG
2012-03-01,0.0082960006936998,GREEN GRAM DAL (MOONG DAL)
2012-03-01,0.0061149513279874,MUSTARD OIL
2012-03-01,0.0012132101663788,MASUR DAL
2012-04-01,0.0237664567191765,RICE
2012-04-01,0.0190217221510497,ONION
2012-04-01,0.0176349931965289,TOMATO
2012-04-01,0.0147294541834773,POTATO
2012-04-01,0.013216431248568796,AVG
2012-04-01,0.0093670789092451,GREEN GRAM DAL (MOONG DAL)
2012-04-01,0.0044798632033665,MUSTARD OIL
2012-04-01,0.0035154503771376,MASUR DAL
2012-05-01,0.0357873697714989,TOMATO
2012-05-01,0.0250344583090467,RICE
2012-05-01,0.0162033041334349,POTATO
2012-05-01,0.016062897810394185,AVG
2012-05-01,0.014012193944429,GREEN GRAM DAL (MOONG DAL)
2012-05-01,0.0139112920213001,ONION
2012-05-01,0.0046265029513075,MASUR DAL
2012-05-01,0.0028651635417422,MUSTARD OIL
2012-06-01,0.0396400439772791,TOMATO
2012-06-01,0.0238214167407714,RICE
2012-06-01,0.0172502090687533,ONION
2012-06-01,0.016354110667832027,AVG
2012-06-01,0.014208952796438,GREEN GRAM DAL (MOONG DAL)
2012-06-01,0.0122266948377657,POTATO
2012-06-01,0.0052737890562446,MASUR DAL
2012-06-01,0.0020576681975721,MUSTARD OIL
2012-07-01,0.0385852022213716,TOMATO
2012-07-01,0.0237397735022209,RICE
2012-07-01,0.0213321959278798,ONION
2012-07-01,0.0172249860119054,POTATO
2012-07-01,0.016847253852043786,AVG
2012-07-01,0.0067189936540198,MASUR DAL
2012-07-01,0.0059517615508682,GREEN GRAM DAL (MOONG DAL)
2012-07-01,0.0043778640960408,MUSTARD OIL
2012-08-01,0.0735443247927215,TOMATO
2012-08-01,0.0242097176259526,RICE
2012-08-01,0.020730488771414857,AVG
2012-08-01,0.016982961478224,POTATO
2012-08-01,0.0125616383883212,ONION
2012-08-01,0.0107697505653289,MASUR DAL
2012-08-01,0.0038450425268231,GREEN GRAM DAL (MOONG DAL)
2012-08-01,0.0031999860225327,MUSTARD OIL
2012-09-01,0.0745406735350966,TOMATO
2012-09-01,0.0256677170023443,RICE
2012-09-01,0.021398968874551273,AVG
2012-09-01,0.0203084974373177,POTATO
2012-09-01,0.0100488586963163,MASUR DAL
2012-09-01,0.0096244495225777,ONION
2012-09-01,0.0070301996523586,GREEN GRAM DAL (MOONG DAL)
2012-09-01,0.0025723862758477,MUSTARD OIL
2012-10-01,0.0737008817507063,TOMATO
2012-10-01,0.0260034734682982,RICE
2012-10-01,0.0225227587888402,POTATO
2012-10-01,0.022263208071294272,AVG
2012-10-01,0.0174697885497878,ONION
2012-10-01,0.0078275673811037,MASUR DAL
2012-10-01,0.0054529534945442,GREEN GRAM DAL (MOONG DAL)
2012-10-01,0.0028650330657795,MUSTARD OIL
2012-11-01,0.0503948709990417,TOMATO
2012-11-01,0.0270728415485111,RICE
2012-11-01,0.0210890281402182,POTATO
2012-11-01,0.0177344226132569,AVG
2012-11-01,0.012426944608137,ONION
2012-11-01,0.007481322158701,MASUR DAL
2012-11-01,0.0034142692919484,MUSTARD OIL
2012-11-01,0.0022616815462409,GREEN GRAM DAL (MOONG DAL)
2012-12-01,0.0293024367572709,RICE
2012-12-01,0.0218846694383648,TOMATO
2012-12-01,0.0200272222123215,ONION
2012-12-01,0.013785440475461529,AVG
2012-12-01,0.0097990718618602,MASUR DAL
2012-12-01,0.0093527781485019,POTATO
2012-12-01,0.0034520447637233,MUSTARD OIL
2012-12-01,0.0026798601461881,GREEN GRAM DAL (MOONG DAL)
2013-01-01,0.0446591880943746,TOMATO
2013-01-01,0.031535277345644,RICE
2013-01-01,0.015965442550974172,AVG
2013-01-01,0.0144426014436567,ONION
2013-01-01,0.0100929016502655,MASUR DAL
2013-01-01,0.0044435714955148,POTATO
2013-01-01,0.0034520447637233,MUSTARD OIL
2013-01-01,0.0031325130636403,GREEN GRAM DAL (MOONG DAL)
2013-02-01,0.0457633171601957,TOMATO
2013-02-01,0.0314237385715448,RICE
2013-02-01,0.01705380051635123,AVG
2013-02-01,0.0158136326391692,POTATO
2013-02-01,0.0093237876781311,ONION
2013-02-01,0.0092447941306373,MASUR DAL
2013-02-01,0.004554520179677,GREEN GRAM DAL (MOONG DAL)
2013-02-01,0.0032528132551035,MUSTARD OIL
2013-03-01,0.0445505768392231,TOMATO
2013-03-01,0.0314224964373569,RICE
2013-03-01,0.0266583081293892,POTATO
2013-03-01,0.018547437780762573,AVG
2013-03-01,0.0101078714880642,MASUR DAL
2013-03-01,0.0064049006746744,ONION
2013-03-01,0.0054732309466987,GREEN GRAM DAL (MOONG DAL)
2013-03-01,0.0052146799499315,MUSTARD OIL
2013-04-01,0.0301998161653676,RICE
2013-04-01,0.0250342908734451,TOMATO
2013-04-01,0.0228736628744546,POTATO
2013-04-01,0.0156326320001936,AVG
2013-04-01,0.0123186020310242,MASUR DAL
2013-04-01,0.0093639632264489,ONION
2013-04-01,0.0051749022173888,GREEN GRAM DAL (MOONG DAL)
2013-04-01,0.004463186613226,MUSTARD OIL
2013-05-01,0.0450547516760041,TOMATO
2013-05-01,0.0328552060885172,RICE
2013-05-01,0.0211143879797671,POTATO
2013-05-01,0.020186295475304827,AVG
2013-05-01,0.0149556681403472,ONION
2013-05-01,0.0124656592407881,MASUR DAL
2013-05-01,0.0094744070067483,GREEN GRAM DAL (MOONG DAL)
2013-05-01,0.0053839881949618,MUSTARD OIL
2013-06-01,0.0403334948635358,TOMATO
2013-06-01,0.0299052866379445,POTATO
2013-06-01,0.0290708651987624,RICE
2013-06-01,0.020542885213296412,AVG
2013-06-01,0.0173021971885261,ONION
2013-06-01,0.0109227552841121,MASUR DAL
2013-06-01,0.0102345807775303,GREEN GRAM DAL (MOONG DAL)
2013-06-01,0.0060310165426637,MUSTARD OIL
2013-07-01,0.0408764613747056,POTATO
2013-07-01,0.0302415434901651,TOMATO
2013-07-01,0.0278610614836866,RICE
2013-07-01,0.020274184122488343,AVG
2013-07-01,0.0141083647755562,MASUR DAL
2013-07-01,0.0122368249774731,ONION
2013-07-01,0.0099111324299994,GREEN GRAM DAL (MOONG DAL)
2013-07-01,0.0066839003258324,MUSTARD OIL
2013-08-01,0.0755295793631646,TOMATO
2013-08-01,0.046074268272082,POTATO
2013-08-01,0.02804423184240686,AVG
2013-08-01,0.0265225330228703,RICE
2013-08-01,0.016477790137668,ONION
2013-08-01,0.014454600767082,MASUR DAL
2013-08-01,0.0119634427963811,GREEN GRAM DAL (MOONG DAL)
2013-08-01,0.0052874085376,MUSTARD OIL
2013-09-01,0.060713717156802,TOMATO
2013-09-01,0.0459511186833511,POTATO
2013-09-01,0.0261760026904433,RICE
2013-09-01,0.025736977875535416,AVG
2013-09-01,0.0165163044052897,MASUR DAL
2013-09-01,0.0132484398510379,ONION
2013-09-01,0.0108693620159915,GREEN GRAM DAL (MOONG DAL)
2013-09-01,0.0066839003258324,MUSTARD OIL
2013-10-01,0.040456904119017,POTATO
2013-10-01,0.0259263914932293,RICE
2013-10-01,0.0243116837905944,ONION
2013-10-01,0.019705250526182872,AVG
2013-10-01,0.0181279831849133,TOMATO
2013-10-01,0.0153391229166439,MASUR DAL
2013-10-01,0.0085729930893077,GREEN GRAM DAL (MOONG DAL)
2013-10-01,0.0052016750895745,MUSTARD OIL
2013-11-01,0.0389771687441745,POTATO
2013-11-01,0.0293366526296604,TOMATO
2013-11-01,0.0271341182660025,RICE
2013-11-01,0.01963594665460753,AVG
2013-11-01,0.0185372900673171,ONION
2013-11-01,0.0149127890201256,MASUR DAL
2013-11-01,0.0043984855929466,GREEN GRAM DAL (MOONG DAL)
2013-11-01,0.004155122262026,MUSTARD OIL
2013-12-01,0.0352016132297893,TOMATO
2013-12-01,0.0277029920014648,POTATO
2013-12-01,0.026845284101777,RICE
2013-12-01,0.018703406437863442,AVG
2013-12-01,0.0172016556196258,ONION
2013-12-01,0.0144131648649737,MASUR DAL
2013-12-01,0.0050941975587008,MUSTARD OIL
2013-12-01,0.0044649376887127,GREEN GRAM DAL (MOONG DAL)
2014-01-01,0.0496783404601144,TOMATO
2014-01-01,0.0273143898061157,ONION
2014-01-01,0.0249816228405517,RICE
2014-01-01,0.0215693651147368,POTATO
2014-01-01,0.021496793477857674,AVG
2014-01-01,0.0182019396354578,MASUR DAL
2014-01-01,0.0050550211213855,MUSTARD OIL
2014-01-01,0.0036768753666418,GREEN GRAM DAL (MOONG DAL)
2014-02-01,0.0485487946582434,TOMATO
2014-02-01,0.0366235763812426,ONION
2014-02-01,0.0312547623278924,POTATO
2014-02-01,0.0252774816587749,RICE
2014-02-01,0.02367334164465937,AVG
2014-02-01,0.0180025114817299,MASUR DAL
2014-02-01,0.0035799490675399,GREEN GRAM DAL (MOONG DAL)
2014-02-01,0.0024263159371925,MUSTARD OIL
2014-03-01,0.0483916682321673,TOMATO
2014-03-01,0.0314595013007506,ONION
2014-03-01,0.0269331414794506,RICE
2014-03-01,0.0258395821339544,POTATO
2014-03-01,0.02272458279573893,AVG
2014-03-01,0.0182898386857408,MASUR DAL
2014-03-01,0.0048160951947928,GREEN GRAM DAL (MOONG DAL)
2014-03-01,0.003342252543316,MUSTARD OIL
2014-04-01,0.0342465695207538,TOMATO
2014-04-01,0.0272196229849668,RICE
2014-04-01,0.0240629868633552,ONION
2014-04-01,0.0214494929442969,POTATO
2014-04-01,0.0199175838200965,MASUR DAL
2014-04-01,0.019409829510530285,AVG
2014-04-01,0.0065553704416663,GREEN GRAM DAL (MOONG DAL)
2014-04-01,0.0024171799985765,MUSTARD OIL
2014-05-01,0.0309893314370733,TOMATO
2014-05-01,0.0271095044981367,RICE
2014-05-01,0.0253569388289003,ONION
2014-05-01,0.0191402257842233,MASUR DAL
2014-05-01,0.0181252396721897,AVG
2014-05-01,0.013007833218111,POTATO
2014-05-01,0.0098996814203441,GREEN GRAM DAL (MOONG DAL)
2014-05-01,0.0013731625185392,MUSTARD OIL
2014-06-01,0.037935089878867,TOMATO
2014-06-01,0.024986138825683,RICE
2014-06-01,0.023455048480871,ONION
2014-06-01,0.019077506589868714,AVG
2014-06-01,0.0164715260136185,MASUR DAL
2014-06-01,0.0152618507580116,POTATO
2014-06-01,0.0141126330964217,GREEN GRAM DAL (MOONG DAL)
2014-06-01,0.0013202590756082,MUSTARD OIL
2014-07-01,0.023560079535487,POTATO
2014-07-01,0.020654636958619,RICE
2014-07-01,0.0132734378075808,MASUR DAL
2014-07-01,0.012655189102698113,AVG
2014-07-01,0.0117823793882194,GREEN GRAM DAL (MOONG DAL)
2014-07-01,0.0100005170195011,TOMATO
2014-07-01,0.0079950139338713,ONION
2014-07-01,0.0013202590756082,MUSTARD OIL
2014-08-01,0.0326579267057439,TOMATO
2014-08-01,0.0175947702271509,RICE
2014-08-01,0.0160912375700706,POTATO
2014-08-01,0.0133146970915184,AVG
2014-08-01,0.0103566170120747,MASUR DAL
2014-08-01,0.009029733896551,GREEN GRAM DAL (MOONG DAL)
2014-08-01,0.0061523351534295,ONION
2014-08-01,0.0013202590756082,MUSTARD OIL
2014-09-01,0.0613708810656958,TOMATO
2014-09-01,0.01922486232936944,AVG
2014-09-01,0.0187957292087889,POTATO
2014-09-01,0.0156097652797917,RICE
2014-09-01,0.0140761258369382,ONION
2014-09-01,0.0128176285137895,MASUR DAL
2014-09-01,0.0090415615960825,GREEN GRAM DAL (MOONG DAL)
2014-09-01,0.0028623448044995,MUSTARD OIL
2014-10-01,0.0645958133846733,TOMATO
2014-10-01,0.0289467628542111,POTATO
2014-10-01,0.02168073861857464,AVG
2014-10-01,0.0194314891850922,ONION
2014-10-01,0.0153830821041992,RICE
2014-10-01,0.0135030958952666,MASUR DAL
2014-10-01,0.0073981385069008,GREEN GRAM DAL (MOONG DAL)
2014-10-01,0.0025067883996793,MUSTARD OIL
2014-11-01,0.0321753431092896,TOMATO
2014-11-01,0.0296175334928748,ONION
2014-11-01,0.023694659808596,POTATO
2014-11-01,0.016783004149137828,AVG
2014-11-01,0.0139481502049875,MASUR DAL
2014-11-01,0.011890970799195,RICE
2014-11-01,0.0038162506421494,MUSTARD OIL
2014-11-01,0.0023381209868725,GREEN GRAM DAL (MOONG DAL)
2014-12-01,0.032554219144704,ONION
2014-12-01,0.0136794334466868,TOMATO
2014-12-01,0.0132165296553996,RICE
2014-12-01,0.012765896086671415,AVG
2014-12-01,0.0122231516087122,POTATO
2014-12-01,0.0108355254423586,MASUR DAL
2014-12-01,0.0045273195168605,MUSTARD OIL
2014-12-01,0.0023250937919782,GREEN GRAM DAL (MOONG DAL)
2015-01-01,0.0484823522929548,TOMATO
2015-01-01,0.0305320356440241,ONION
2015-01-01,0.018141241127973887,AVG
2015-01-01,0.0171913597664071,RICE
2015-01-01,0.0144043610879898,POTATO
2015-01-01,0.0110422476573811,MASUR DAL
2015-01-01,0.0037046223334732,MUSTARD OIL
2015-01-01,0.0016317091135871,GREEN GRAM DAL (MOONG DAL)
2015-02-01,0.0499938887968922,TOMATO
2015-02-01,0.0244958306660364,ONION
2015-02-01,0.0242591146719118,POTATO
2015-02-01,0.019413344532084147,AVG
2015-02-01,0.0168795816330057,RICE
2015-02-01,0.009525262167503,MASUR DAL
2015-02-01,0.006082387867091,MUSTARD OIL
2015-02-01,0.0046573459221489,GREEN GRAM DAL (MOONG DAL)
2015-03-01,0.0492202597435757,TOMATO
2015-03-01,0.024621492247663,POTATO
2015-03-01,0.018494518704680742,AVG
2015-03-01,0.0177909180371034,ONION
2015-03-01,0.0170819463522506,RICE
2015-03-01,0.0078599986826124,GREEN GRAM DAL (MOONG DAL)
2015-03-01,0.0072386192436354,MASUR DAL
2015-03-01,0.0056483966259247,MUSTARD OIL
2015-04-01,0.0427041674792166,TOMATO
2015-04-01,0.0210791475661023,POTATO
2015-04-01,0.0177473352477275,RICE
2015-04-01,0.01695338319308474,AVG
2015-04-01,0.0146594948860909,ONION
2015-04-01,0.0091880271459113,GREEN GRAM DAL (MOONG DAL)
2015-04-01,0.0079563013416391,MASUR DAL
2015-04-01,0.0053392086849055,MUSTARD OIL
2015-05-01,0.035137311133415,TOMATO
2015-05-01,0.0179824516434061,RICE
2015-05-01,0.014506126344996413,AVG
2015-05-01,0.0135287366103769,ONION
2015-05-01,0.0110680938070976,MASUR DAL
2015-05-01,0.009809386896208,POTATO
2015-05-01,0.0090416895364534,GREEN GRAM DAL (MOONG DAL)
2015-05-01,0.0049752147880179,MUSTARD OIL
2015-06-01,0.038782266333914,TOMATO
2015-06-01,0.0193185776678082,RICE
2015-06-01,0.0189117213322176,POTATO
2015-06-01,0.017690194945593186,AVG
2015-06-01,0.0171145881685438,ONION
2015-06-01,0.0123518637498483,GREEN GRAM DAL (MOONG DAL)
2015-06-01,0.0117454400527291,MASUR DAL
2015-06-01,0.0056069073140913,MUSTARD OIL
2015-07-01,0.0434136059260421,TOMATO
2015-07-01,0.0244713980879252,POTATO
2015-07-01,0.0200654046861366,RICE
2015-07-01,0.018740894034535716,AVG
2015-07-01,0.0147550645780995,GREEN GRAM DAL (MOONG DAL)
2015-07-01,0.0139564348275739,ONION
2015-07-01,0.0118045143438726,MASUR DAL
2015-07-01,0.0027198357921001,MUSTARD OIL
2015-08-01,0.0805903317980124,TOMATO
2015-08-01,0.027564015505575,POTATO
2015-08-01,0.024152034332463084,AVG
2015-08-01,0.020299622563635,RICE
2015-08-01,0.0137689111058271,ONION
2015-08-01,0.0134438321468342,GREEN GRAM DAL (MOONG DAL)
2015-08-01,0.0109231985644246,MASUR DAL
2015-08-01,0.0024743286429333,MUSTARD OIL
2015-09-01,0.0834965338707839,TOMATO
2015-09-01,0.0241759124708665,POTATO
2015-09-01,0.02256425713342566,AVG
2015-09-01,0.020299622563635,RICE
2015-09-01,0.0105051577178922,MASUR DAL
2015-09-01,0.0102001483621801,GREEN GRAM DAL (MOONG DAL)
2015-09-01,0.0069582108703217,ONION
2015-09-01,0.0023142140783002,MUSTARD OIL
2015-10-01,0.0560869845181031,TOMATO
2015-10-01,0.0356202530420858,POTATO
2015-10-01,0.0244108982671665,ONION
2015-10-01,0.021575997900739517,AVG
2015-10-01,0.0202056314193889,RICE
2015-10-01,0.0093704620511841,MASUR DAL
2015-10-01,0.0026848470549293,GREEN GRAM DAL (MOONG DAL)
2015-10-01,0.0026529089523189,MUSTARD OIL
2015-11-01,0.0388229989041186,POTATO
2015-11-01,0.0280020921586049,TOMATO
2015-11-01,0.0199815242845726,ONION
2015-11-01,0.0194575243945382,RICE
2015-11-01,0.01738472745012983,AVG
2015-11-01,0.0060546922855962,GREEN GRAM DAL (MOONG DAL)
2015-11-01,0.0058624480343729,MASUR DAL
2015-11-01,0.0035118120891054,MUSTARD OIL
2015-12-01,0.0233327343413485,POTATO
2015-12-01,0.020928259987969,TOMATO
2015-12-01,0.0188896715536872,RICE
2015-12-01,0.0171777687303797,ONION
2015-12-01,0.013869199670562915,AVG
2015-12-01,0.0088764084041936,GREEN GRAM DAL (MOONG DAL)
2015-12-01,0.0054872864446413,MASUR DAL
2015-12-01,0.0023922682317211,MUSTARD OIL
2016-01-01,0.0369962700317313,TOMATO
2016-01-01,0.0194256987634288,RICE
2016-01-01,0.0174565329276451,ONION
2016-01-01,0.017058013863690054,AVG
2016-01-01,0.0169829736458868,MASUR DAL
2016-01-01,0.015051514864283,POTATO
2016-01-01,0.0117225770268813,GREEN GRAM DAL (MOONG DAL)
2016-01-01,0.0017705297859741,MUSTARD OIL
2016-02-01,0.0360468958382408,TOMATO
2016-02-01,0.0253280479261036,POTATO
2016-02-01,0.021174037468102,RICE
2016-02-01,0.0201888589177812,MASUR DAL
2016-02-01,0.018913945930496275,AVG
2016-02-01,0.0154453579013345,GREEN GRAM DAL (MOONG DAL)
2016-02-01,0.0128597390302759,ONION
2016-02-01,0.0013546844316359,MUSTARD OIL
2016-03-01,0.0479420648992508,TOMATO
2016-03-01,0.038593933292691,POTATO
2016-03-01,0.023990704592493913,AVG
2016-03-01,0.0221055344870657,RICE
2016-03-01,0.0198809239042751,MASUR DAL
2016-03-01,0.0193612465667424,ONION
2016-03-01,0.0140837459465298,GREEN GRAM DAL (MOONG DAL)
2016-03-01,0.0059674830509026,MUSTARD OIL
2016-04-01,0.0363623835415543,POTATO
2016-04-01,0.02961019149709,TOMATO
2016-04-01,0.0215641042754024,RICE
2016-04-01,0.019480528510932727,AVG
2016-04-01,0.0189630713491867,MASUR DAL
2016-04-01,0.0135905174459857,GREEN GRAM DAL (MOONG DAL)
2016-04-01,0.0112425691189117,ONION
2016-04-01,0.0050308623483983,MUSTARD OIL
2016-05-01,0.0386660759130039,POTATO
2016-05-01,0.0310896930365666,TOMATO
2016-05-01,0.0211909374642255,RICE
2016-05-01,0.0208353878871454,AVG
2016-05-01,0.0185553769481774,ONION
2016-05-01,0.0158292331523916,MASUR DAL
2016-05-01,0.0154203246130159,GREEN GRAM DAL (MOONG DAL)
2016-05-01,0.0050960740826369,MUSTARD OIL
2016-06-01,0.0260900075087078,POTATO
2016-06-01,0.024840712916718,TOMATO
2016-06-01,0.0204245205615634,ONION
2016-06-01,0.019772437875477,RICE
2016-06-01,0.017772205648639645,AVG
2016-06-01,0.0168888424109533,GREEN GRAM DAL (MOONG DAL)
2016-06-01,0.014650498444447,MASUR DAL
2016-06-01,0.001738419822611,MUSTARD OIL
2016-07-01,0.0414185302770325,TOMATO
2016-07-01,0.0200017931387,RICE
2016-07-01,0.017712719166382614,AVG
2016-07-01,0.0171622344699595,ONION
2016-07-01,0.0166671132316195,GREEN GRAM DAL (MOONG DAL)
2016-07-01,0.0143701857040753,MASUR DAL
2016-07-01,0.0126147507717052,POTATO
2016-07-01,0.0017544265715863,MUSTARD OIL
2016-08-01,0.0836634499744713,TOMATO
2016-08-01,0.024060994026659916,AVG
2016-08-01,0.0218171306728432,GREEN GRAM DAL (MOONG DAL)
2016-08-01,0.019871586027743,RICE
2016-08-01,0.0171909321606965,MASUR DAL
2016-08-01,0.0137321807895869,POTATO
2016-08-01,0.0106812545370606,ONION
2016-08-01,0.0014704240242179,MUSTARD OIL
2016-09-01,0.0766468179969034,TOMATO
2016-09-01,0.025415650486090003,AVG
2016-09-01,0.0233186862352664,GREEN GRAM DAL (MOONG DAL)
2016-09-01,0.0220718198771678,POTATO
2016-09-01,0.0201632035563478,RICE
2016-09-01,0.0184922330505694,MASUR DAL
2016-09-01,0.0166844378129595,ONION
2016-09-01,0.0005323548734157,MUSTARD OIL
2016-10-01,0.0584710741905472,TOMATO
2016-10-01,0.0321111628275706,POTATO
2016-10-01,0.024660081110991043,AVG
2016-10-01,0.022538331685885,GREEN GRAM DAL (MOONG DAL)
2016-10-01,0.0208993562218245,RICE
2016-10-01,0.0199802497948847,ONION
2016-10-01,0.0177983952334899,MASUR DAL
2016-10-01,0.0008219978227354,MUSTARD OIL
2016-11-01,0.0654515639224764,TOMATO
2016-11-01,0.0319212718102564,POTATO
2016-11-01,0.025762285184423344,AVG
2016-11-01,0.023114889185619,GREEN GRAM DAL (MOONG DAL)
2016-11-01,0.0214946352377654,RICE
2016-11-01,0.0194040521652883,MASUR DAL
2016-11-01,0.0184525506853888,ONION
2016-11-01,0.0004970332841691,MUSTARD OIL
2016-12-01,0.0544568815150098,TOMATO
2016-12-01,0.0332051049567331,POTATO
2016-12-01,0.024420899606485802,AVG
2016-12-01,0.0230023963379699,GREEN GRAM DAL (MOONG DAL)
2016-12-01,0.0202703064660765,MASUR DAL
2016-12-01,0.0200288594064539,RICE
2016-12-01,0.0199827485631574,ONION
2016-12-01,0.0,MUSTARD OIL
2017-01-01,0.045565626862466,POTATO
2017-01-01,0.0454519590559758,TOMATO
2017-01-01,0.0256806324084603,AVG
2017-01-01,0.0238297469088743,MASUR DAL
2017-01-01,0.0228409632317586,ONION
2017-01-01,0.0211886040605684,RICE
2017-01-01,0.0207492576171077,GREEN GRAM DAL (MOONG DAL)
2017-01-01,0.0001382691224713,MUSTARD OIL
2017-02-01,0.0525573155491456,TOMATO
2017-02-01,0.0513655758021954,POTATO
2017-02-01,0.027437817596416083,AVG
2017-02-01,0.0242617593311064,MASUR DAL
2017-02-01,0.0230539771530192,ONION
2017-02-01,0.0209318076839414,RICE
2017-02-01,0.0188129939201999,GREEN GRAM DAL (MOONG DAL)
2017-02-01,0.0010812937353047,MUSTARD OIL
2017-03-01,0.0629643737523822,TOMATO
2017-03-01,0.0594143996826847,POTATO
2017-03-01,0.03018281635138947,AVG
2017-03-01,0.0264702767617312,MASUR DAL
2017-03-01,0.0242673710926585,ONION
2017-03-01,0.0209480374064425,RICE
2017-03-01,0.0161990785684129,GREEN GRAM DAL (MOONG DAL)
2017-03-01,0.0010161771954143,MUSTARD OIL
2017-04-01,0.0538327523552191,POTATO
2017-04-01,0.043919220445095,TOMATO
2017-04-01,0.0269725263972257,MASUR DAL
2017-04-01,0.0261323369473433,AVG
2017-04-01,0.0245874118940238,ONION
2017-04-01,0.0204697169169232,RICE
2017-04-01,0.0130057881580499,GREEN GRAM DAL (MOONG DAL)
2017-04-01,0.0001389424648664,MUSTARD OIL
2017-05-01,0.0434595129807754,POTATO
2017-05-01,0.039927794504946,TOMATO
2017-05-01,0.0296307021815982,MASUR DAL
2017-05-01,0.0257878126570784,ONION
2017-05-01,0.025499259849150403,AVG
2017-05-01,0.0198160684832599,GREEN GRAM DAL (MOONG DAL)
2017-05-01,0.0197958632134897,RICE
2017-05-01,7.706492290522302e-05,MUSTARD OIL
2017-06-01,0.0484637763347597,TOMATO
2017-06-01,0.0374905972836895,POTATO
2017-06-01,0.0303279072021195,MASUR DAL
2017-06-01,0.027986336240229,ONION
2017-06-01,0.026465314774810202,AVG
2017-06-01,0.0214048960675515,GREEN GRAM DAL (MOONG DAL)
2017-06-01,0.0180941241292714,RICE
2017-06-01,0.0014895661660508,MUSTARD OIL
2017-07-01,0.034655482167967,POTATO
2017-07-01,0.0314813852580929,ONION
2017-07-01,0.0279799234906776,MASUR DAL
2017-07-01,0.0242275110184836,RICE
2017-07-01,0.021579404910926,AVG
2017-07-01,0.0202436117569159,GREEN GRAM DAL (MOONG DAL)
2017-07-01,0.0122645613434634,TOMATO
2017-07-01,0.0002033593408816,MUSTARD OIL
2017-08-01,0.0392820449588529,POTATO
2017-08-01,0.0256897469519547,MASUR DAL
2017-08-01,0.0219598477928598,RICE
2017-08-01,0.019762048241565383,AVG
2017-08-01,0.0191308275409438,TOMATO
2017-08-01,0.0167239005109188,ONION
2017-08-01,0.0126811564168839,GREEN GRAM DAL (MOONG DAL)
2017-08-01,0.0028668135185438,MUSTARD OIL
2017-09-01,0.0400419379015052,POTATO
2017-09-01,0.0246350381933387,MASUR DAL
2017-09-01,0.0199340195775589,ONION
2017-09-01,0.0190042280300462,RICE
2017-09-01,0.018909699526842412,AVG
2017-09-01,0.0159894916320241,TOMATO
2017-09-01,0.0090389079495437,GREEN GRAM DAL (MOONG DAL)
2017-09-01,0.0037242734038801,MUSTARD OIL
2017-10-01,0.0406323846425849,POTATO
2017-10-01,0.0253938624126658,TOMATO
2017-10-01,0.020217113327916,MASUR DAL
2017-10-01,0.0197501235869536,ONION
2017-10-01,0.01939026026011497,AVG
2017-10-01,0.0190191566991796,RICE
2017-10-01,0.0103984505083708,GREEN GRAM DAL (MOONG DAL)
2017-10-01,0.0003207306431341,MUSTARD OIL
2017-11-01,0.0380123866276309,POTATO
2017-11-01,0.0269581759141397,ONION
2017-11-01,0.0235152511735205,TOMATO
2017-11-01,0.019886551590834228,AVG
2017-11-01,0.0197153930167369,MASUR DAL
2017-11-01,0.0192552990247003,RICE
2017-11-01,0.011230653993202,GREEN GRAM DAL (MOONG DAL)
2017-11-01,0.0005187013859093,MUSTARD OIL
2017-12-01,0.0384760274145437,POTATO
2017-12-01,0.0230021989986261,TOMATO
2017-12-01,0.0208257047624127,ONION
2017-12-01,0.0199110552648014,RICE
2017-12-01,0.019354341389141,MASUR DAL
2017-12-01,0.018794576657634086,AVG
2017-12-01,0.0091259573130332,GREEN GRAM DAL (MOONG DAL)
2017-12-01,0.0008667514608805,MUSTARD OIL
2018-01-01,0.0553293563115484,TOMATO
2018-01-01,0.029988598557725,POTATO
2018-01-01,0.0213032678219472,AVG
2018-01-01,0.0210868235256629,RICE
2018-01-01,0.019916315019062,MASUR DAL
2018-01-01,0.0152127309175818,ONION
2018-01-01,0.0071270355109282,GREEN GRAM DAL (MOONG DAL)
2018-01-01,0.0004620149111221,MUSTARD OIL
2018-02-01,0.0455839763990683,TOMATO
2018-02-01,0.0325601677559527,POTATO
2018-02-01,0.02020571495407567,AVG
2018-02-01,0.019935968194191,RICE
2018-02-01,0.0187161498512615,MASUR DAL
2018-02-01,0.017215983683382,ONION
2018-02-01,0.0070115339993648,GREEN GRAM DAL (MOONG DAL)
2018-02-01,0.0004162247953094,MUSTARD OIL
2018-03-01,0.041783237887829,TOMATO
2018-03-01,0.0226840736778477,ONION
2018-03-01,0.0213229985703141,POTATO
2018-03-01,0.0198776884402588,RICE
2018-03-01,0.0195275785411619,MASUR DAL
2018-03-01,0.0187822071362245,AVG
2018-03-01,0.0059640717119356,GREEN GRAM DAL (MOONG DAL)
2018-03-01,0.0003158011242244,MUSTARD OIL
2018-04-01,0.026986700589164,TOMATO
2018-04-01,0.0251134202707328,POTATO
2018-04-01,0.0224468816171377,RICE
2018-04-01,0.0197449568517804,MASUR DAL
2018-04-01,0.0188827471136783,ONION
2018-04-01,0.016816865259832642,AVG
2018-04-01,0.0045035729125261,GREEN GRAM DAL (MOONG DAL)
2018-04-01,3.977746380919129e-05,MUSTARD OIL
2018-05-01,0.0360614399433328,POTATO
2018-05-01,0.0268741780815948,TOMATO
2018-05-01,0.0214417683854437,RICE
2018-05-01,0.0194459571122531,MASUR DAL
2018-05-01,0.0187731113958457,ONION
2018-05-01,0.01847035794843214,AVG
2018-05-01,0.0058256464130512,GREEN GRAM DAL (MOONG DAL)
2018-05-01,0.0008704043075037,MUSTARD OIL
2018-06-01,0.034460963040538,TOMATO
2018-06-01,0.0334959566480547,POTATO
2018-06-01,0.0212336980975789,RICE
2018-06-01,0.0206972451457268,MASUR DAL
2018-06-01,0.018986423180057815,AVG
2018-06-01,0.0133218306813,ONION
2018-06-01,0.0087220052511643,GREEN GRAM DAL (MOONG DAL)
2018-06-01,0.000973263396042,MUSTARD OIL
2018-07-01,0.0587501743178262,TOMATO
2018-07-01,0.0316058807252274,POTATO
2018-07-01,0.02268849272288301,AVG
2018-07-01,0.0215642341814956,RICE
2018-07-01,0.0182807498601227,MASUR DAL
2018-07-01,0.0175318005172879,ONION
2018-07-01,0.0067050072513113,GREEN GRAM DAL (MOONG DAL)
2018-07-01,0.00438160220691,MUSTARD OIL
2018-08-01,0.0419913394768324,TOMATO
2018-08-01,0.0327429040701575,POTATO
2018-08-01,0.02001764418229116,AVG
2018-08-01,0.0187925808515811,ONION
2018-08-01,0.0181780899777607,RICE
2018-08-01,0.0165746473398893,MASUR DAL
2018-08-01,0.0059522446762398,GREEN GRAM DAL (MOONG DAL)
2018-08-01,0.0058917028835773,MUSTARD OIL
2018-09-01,0.0367510364714725,POTATO
2018-09-01,0.0283774405981294,TOMATO
2018-09-01,0.018624403613648,ONION
2018-09-01,0.018038516731755414,AVG
2018-09-01,0.0163818478793547,MASUR DAL
2018-09-01,0.0153863977161694,RICE
2018-09-01,0.0062874175050092,GREEN GRAM DAL (MOONG DAL)
2018-09-01,0.0044610733385047,MUSTARD OIL
2018-10-01,0.0445689474894104,POTATO
2018-10-01,0.0418308761634207,TOMATO
2018-10-01,0.02016512553711351,AVG
2018-10-01,0.0161162718517937,MASUR DAL
2018-10-01,0.0160243111273938,ONION
2018-10-01,0.013946373930375,RICE
2018-10-01,0.0047277296295664,GREEN GRAM DAL (MOONG DAL)
2018-10-01,0.0039413685678346,MUSTARD OIL
2018-11-01,0.0438293061032556,TOMATO
2018-11-01,0.0432874090523762,POTATO
2018-11-01,0.020300415808912984,AVG
2018-11-01,0.0195413230415366,ONION
2018-11-01,0.015589755724568,MASUR DAL
2018-11-01,0.0136127292132134,RICE
2018-11-01,0.0032995644841225,GREEN GRAM DAL (MOONG DAL)
2018-11-01,0.0029428230433186,MUSTARD OIL
2018-12-01,0.0410609035514245,TOMATO
2018-12-01,0.0253882593337706,POTATO
2018-12-01,0.0193564864937734,ONION
2018-12-01,0.01718373386458096,AVG
2018-12-01,0.0155247702789433,MASUR DAL
2018-12-01,0.0149492067973063,RICE
2018-12-01,0.0022702446101607,GREEN GRAM DAL (MOONG DAL)
2018-12-01,0.0017362659866879,MUSTARD OIL
2019-01-01,0.038911405819701,TOMATO
2019-01-01,0.0204176536814855,POTATO
2019-01-01,0.01648419535372,RICE
2019-01-01,0.0159820056745135,MASUR DAL
2019-01-01,0.015578347315910127,AVG
2019-01-01,0.0133584467752454,ONION
2019-01-01,0.0024576688440737,GREEN GRAM DAL (MOONG DAL)
2019-01-01,0.0014370550626318,MUSTARD OIL
2019-02-01,0.0424949421810941,TOMATO
2019-02-01,0.0367926313643407,POTATO
2019-02-01,0.018684394073826084,AVG
2019-02-01,0.0160648399034513,RICE
2019-02-01,0.0158060956054331,ONION
2019-02-01,0.0156194416469501,MASUR DAL
2019-02-01,0.0025437228889607,GREEN GRAM DAL (MOONG DAL)
2019-02-01,0.0014690849265526,MUSTARD OIL
2019-03-01,0.0454214473625037,TOMATO
2019-03-01,0.0369710967410764,POTATO
2019-03-01,0.018533015964303297,AVG
2019-03-01,0.0163002425205272,RICE
2019-03-01,0.0144419029081544,ONION
2019-03-01,0.0122086836853605,MASUR DAL
2019-03-01,0.0024745388732391,MUSTARD OIL
2019-03-01,0.0019131996592618,GREEN GRAM DAL (MOONG DAL)
2019-04-01,0.0272881295203492,POTATO
2019-04-01,0.0176450025610361,ONION
2019-04-01,0.0169401506100411,TOMATO
2019-04-01,0.0167470224309554,RICE
2019-04-01,0.013607037007090655,AVG
2019-04-01,0.011608689958555,MASUR DAL
2019-04-01,0.0029747633806837,MUSTARD OIL
2019-04-01,0.0020455005880141,GREEN GRAM DAL (MOONG DAL)
2019-05-01,0.0311933636999811,POTATO
2019-05-01,0.0196826479186549,ONION
2019-05-01,0.0167003069151725,RICE
2019-05-01,0.0158337350227422,TOMATO
2019-05-01,0.014701009534955815,AVG
2019-05-01,0.0122298480642703,MASUR DAL
2019-05-01,0.0036370061676622,GREEN GRAM DAL (MOONG DAL)
2019-05-01,0.0036301589562075,MUSTARD OIL
2019-06-01,0.0209847639116467,POTATO
2019-06-01,0.0208724818428573,ONION
2019-06-01,0.016923524309301,RICE
2019-06-01,0.0134958930600915,TOMATO
2019-06-01,0.013351624733145955,AVG
2019-06-01,0.0132118040759315,MASUR DAL
2019-06-01,0.0052360864481948,GREEN GRAM DAL (MOONG DAL)
2019-06-01,0.0027368194839989,MUSTARD OIL
2019-07-01,0.0348581171002914,TOMATO
2019-07-01,0.0228914601337917,POTATO
2019-07-01,0.0209915530235162,ONION
2019-07-01,0.0170043004854124,RICE
2019-07-01,0.016582656900878272,AVG
2019-07-01,0.0127621752083035,MASUR DAL
2019-07-01,0.0048871869875262,GREEN GRAM DAL (MOONG DAL)
2019-07-01,0.0026838053673065,MUSTARD OIL
2019-08-01,0.0373890741177154,TOMATO
2019-08-01,0.0214743932351567,POTATO
2019-08-01,0.0202295833201943,ONION
2019-08-01,0.016223659228655058,AVG
2019-08-01,0.0160428273550497,RICE
2019-08-01,0.012599220557649,MASUR DAL
2019-08-01,0.0031651255218832,GREEN GRAM DAL (MOONG DAL)
2019-08-01,0.0026653904929371,MUSTARD OIL
2019-09-01,0.0450355046192039,TOMATO
2019-09-01,0.0196405535377983,POTATO
2019-09-01,0.016153159857663014,AVG
2019-09-01,0.0159274159120992,RICE
2019-09-01,0.0121326786049876,MASUR DAL
2019-09-01,0.011818059291954,ONION
2019-09-01,0.0047925670523332,GREEN GRAM DAL (MOONG DAL)
2019-09-01,0.0037253399852649,MUSTARD OIL
2019-10-01,0.0372704258732117,TOMATO
2019-10-01,0.0227816219980317,POTATO
2019-10-01,0.01651711745066566,AVG
2019-10-01,0.0152201713918366,RICE
2019-10-01,0.0151880544054809,ONION
2019-10-01,0.0149008372420531,MASUR DAL
2019-10-01,0.005433539421476,MUSTARD OIL
2019-10-01,0.0048251718225696,GREEN GRAM DAL (MOONG DAL)
2019-11-01,0.0331144012742555,TOMATO
2019-11-01,0.0295206577571027,POTATO
2019-11-01,0.0177942843488674,MASUR DAL
2019-11-01,0.017332324175120543,AVG
2019-11-01,0.0134035352289211,RICE
2019-11-01,0.0132230160706603,ONION
2019-11-01,0.0090215849423353,GREEN GRAM DAL (MOONG DAL)
2019-11-01,0.0052487896037015,MUSTARD OIL
2019-12-01,0.0299851342296652,POTATO
2019-12-01,0.0256500128992158,TOMATO
2019-12-01,0.020116046709929,MASUR DAL
2019-12-01,0.01618489466374833,AVG
2019-12-01,0.0138908950141468,RICE
2019-12-01,0.0119167040405133,ONION
2019-12-01,0.0079046673549694,GREEN GRAM DAL (MOONG DAL)
2019-12-01,0.0038308023977988,MUSTARD OIL
2020-01-01,0.026713318244943,POTATO
2020-01-01,0.0204005904428262,TOMATO
2020-01-01,0.0175459218101214,MASUR DAL
2020-01-01,0.014246659559673244,AVG
2020-01-01,0.0137542271420916,RICE
2020-01-01,0.0117397678319693,ONION
2020-01-01,0.0092287147246104,GREEN GRAM DAL (MOONG DAL)
2020-01-01,0.0003440767211508,MUSTARD OIL
2020-02-01,0.0229678490206177,TOMATO
2020-02-01,0.0161232697499655,MASUR DAL
2020-02-01,0.014545767891774,POTATO
2020-02-01,0.0129919789541364,RICE
2020-02-01,0.011999812081600449,AVG
2020-02-01,0.0113611896833116,ONION
2020-02-01,0.0059493982321345,GREEN GRAM DAL (MOONG DAL)
2020-02-01,5.923103926345491e-05,MUSTARD OIL
2020-03-01,0.0341818683411688,TOMATO
2020-03-01,0.0223015389613596,POTATO
2020-03-01,0.016184134189998,MASUR DAL
2020-03-01,0.015384211556116186,AVG
2020-03-01,0.0138992232882855,RICE
2020-03-01,0.0135972305913255,ONION
2020-03-01,0.0044872427717169,GREEN GRAM DAL (MOONG DAL)
2020-03-01,0.003038242748959,MUSTARD OIL
2020-04-01,0.0440264301872929,TOMATO
2020-04-01,0.0246527195081923,POTATO
2020-04-01,0.0211524112878569,MASUR DAL
2020-04-01,0.01830320934777977,AVG
2020-04-01,0.0163384030857833,ONION
2020-04-01,0.012751864295643,RICE
2020-04-01,0.0081413140904596,GREEN GRAM DAL (MOONG DAL)
2020-04-01,0.0010593229792304,MUSTARD OIL
2020-05-01,0.0377784908101651,TOMATO
2020-05-01,0.0299001107448662,ONION
2020-05-01,0.0207483768856276,MASUR DAL
2020-05-01,0.01934158536450369,AVG
2020-05-01,0.0186798700483859,POTATO
2020-05-01,0.0147620080923837,RICE
2020-05-01,0.0123446601542698,GREEN GRAM DAL (MOONG DAL)
2020-05-01,0.0011775808158275,MUSTARD OIL
2020-06-01,0.0376511852215861,TOMATO
2020-06-01,0.0285220656326921,ONION
2020-06-01,0.0212628274997797,MASUR DAL
2020-06-01,0.0205714404937569,POTATO
2020-06-01,0.018578457362842953,AVG
2020-06-01,0.0118287778850043,GREEN GRAM DAL (MOONG DAL)
2020-06-01,0.0099460475219798,RICE
2020-06-01,0.0002668572851018,MUSTARD OIL
2020-07-01,0.0320936731232247,TOMATO
2020-07-01,0.0202165096888328,MASUR DAL
2020-07-01,0.0197043589997574,ONION
2020-07-01,0.0187890116800022,POTATO
2020-07-01,0.016573228497894787,AVG
2020-07-01,0.011859394495424,GREEN GRAM DAL (MOONG DAL)
2020-07-01,0.0087915438789709,RICE
2020-07-01,0.0045581076190515,MUSTARD OIL
2020-08-01,0.0405105911019591,TOMATO
2020-08-01,0.021457283741883,MASUR DAL
2020-08-01,0.0195793783624995,POTATO
2020-08-01,0.019107007295955,ONION
2020-08-01,0.018220634093417416,AVG
2020-08-01,0.0128980939418115,GREEN GRAM DAL (MOONG DAL)
2020-08-01,0.010275160246813,RICE
2020-08-01,0.0037169239630008,MUSTARD OIL
2020-09-01,0.0363084247763022,TOMATO
2020-09-01,0.029296270044148,ONION
2020-09-01,0.0207102078074134,POTATO
2020-09-01,0.0188203758984223,MASUR DAL
2020-09-01,0.018781877116607455,AVG
2020-09-01,0.0129085899516126,GREEN GRAM DAL (MOONG DAL)
2020-09-01,0.0100439859430497,RICE
2020-09-01,0.003385285395304,MUSTARD OIL
2020-10-01,0.0365810924538035,TOMATO
2020-10-01,0.0212838895080632,POTATO
2020-10-01,0.0170230965727523,ONION
2020-10-01,0.01669935768908163,AVG
2020-10-01,0.0166624514419764,MASUR DAL
2020-10-01,0.0108219847936765,RICE
2020-10-01,0.010253398547032,GREEN GRAM DAL (MOONG DAL)
2020-10-01,0.0042695905062675,MUSTARD OIL
2020-11-01,0.0421712977237433,TOMATO
2020-11-01,0.0286091002691441,POTATO
2020-11-01,0.018071301816729453,AVG
2020-11-01,0.0161017921794827,MASUR DAL
2020-11-01,0.015743891272078,ONION
2020-11-01,0.0111405681315169,RICE
2020-11-01,0.0081686086764508,GREEN GRAM DAL (MOONG DAL)
2020-11-01,0.0045638544646904,MUSTARD OIL
2020-12-01,0.0484758393193185,TOMATO
2020-12-01,0.0188269999385036,MASUR DAL
2020-12-01,0.017641736086157298,AVG
2020-12-01,0.01534084178128,ONION
2020-12-01,0.0145809060854673,POTATO
2020-12-01,0.0115797868461978,RICE
2020-12-01,0.0075661804401587,MUSTARD OIL
2020-12-01,0.0071215981921752,GREEN GRAM DAL (MOONG DAL)
2021-01-01,0.0967614911204264,POTATO
2021-01-01,0.0434716242244589,TOMATO
2021-01-01,0.02837166546272683,AVG
2021-01-01,0.0184277686975592,MASUR DAL
2021-01-01,0.0181850663335564,RICE
2021-01-01,0.0080656368082985,GREEN GRAM DAL (MOONG DAL)
2021-01-01,0.0071889919161976,MUSTARD OIL
2021-01-01,0.0065010791385908,ONION
2021-02-01,0.0507324627876664,POTATO
2021-02-01,0.0253976654804906,RICE
2021-02-01,0.02050631530323916,AVG
2021-02-01,0.0185626165285599,ONION
2021-02-01,0.0180887972632522,MASUR DAL
2021-02-01,0.0167225344878635,TOMATO
2021-02-01,0.0091135201954701,GREEN GRAM DAL (MOONG DAL)
2021-02-01,0.0049266103793714,MUSTARD OIL
2021-03-01,0.0408320178863395,POTATO
2021-03-01,0.0337725436517415,TOMATO
2021-03-01,0.0332920081470783,RICE
2021-03-01,0.021826524013481174,AVG
2021-03-01,0.016033255168355,MASUR DAL
2021-03-01,0.0158791392194422,ONION
2021-03-01,0.0079219161633262,GREEN GRAM DAL (MOONG DAL)
2021-03-01,0.0050547878580855,MUSTARD OIL
2021-04-01,0.0393847906833086,TOMATO
2021-04-01,0.031179507602473,POTATO
2021-04-01,0.0288505453624044,RICE
2021-04-01,0.020538785892372315,AVG
2021-04-01,0.0169127243418233,MASUR DAL
2021-04-01,0.0139517476822299,ONION
2021-04-01,0.0073472750675786,MUSTARD OIL
2021-04-01,0.0061449105067884,GREEN GRAM DAL (MOONG DAL)
2021-05-01,0.0550044166042795,RICE
2021-05-01,0.03810696393337,TOMATO
2021-05-01,0.0277770424167583,POTATO
2021-05-01,0.02543989173073904,AVG
2021-05-01,0.0227447583661691,ONION
2021-05-01,0.0182831654327412,MASUR DAL
2021-05-01,0.01157789239347,MUSTARD OIL
2021-05-01,0.0045850029683852,GREEN GRAM DAL (MOONG DAL)
2021-06-01,0.0853449567004649,RICE
2021-06-01,0.028940541664381817,AVG
2021-06-01,0.0273305130192241,TOMATO
2021-06-01,0.0236151527055443,ONION
2021-06-01,0.0205518807263927,MASUR DAL
2021-06-01,0.0120920173909521,MUSTARD OIL
2021-06-01,0.0047087294437128,GREEN GRAM DAL (MOONG DAL)
